happy,sad,angry,surprise,fear,disgust,neutral,label
46.901937533608596,0.18459249543764633,2.838174240774381,0.5777150001875976,0.9208593608887927,3.9829211949307095,44.59380017417228,0
0.49442136072798976,9.09253200829357,24.27990015058835,21.901262479858925,16.234873458447684,27.943428995699826,0.053581546383665454,1
9.694605506098576,19.662027256740576,5.752483107055068,11.273905411833685,5.6135126403791755,3.9058644321840625,44.09760164570887,0
0.5471948889872335,5.781700722919361,29.96542366855778,10.934516233518552,18.96374147715754,26.79733366827064,7.01008934058889,1
29.47018486528891,8.47886265650589,5.373238323009656,13.122682089047194,6.623734053991718,2.2938738745213683,34.63742413763528,0
3.110482155492718,2.895926253184462,14.689827762866617,28.317289259142548,18.120373592208313,32.25558546315475,0.6105155139505888,1
2.4308103357866093,3.390161972341192,14.161159774044659,11.42865128139599,34.19861302628702,23.985930912084434,10.40467269806009,1
1.2783458134974486,12.162572994563483,23.39107682732032,26.77244775268235,22.472642086911375,11.840926150591404,2.081988374433618,1
30.27783486023305,9.504171356751204,7.218220559452418,8.201421735154668,5.345843819493215,0.2024317903537721,39.25007587856168,0
50.660013761311596,1.6584040367592354,4.935115136190834,8.444533342861297,5.68796815298178,5.395424345634135,23.21854122426112,0
4.237563873284225,1.9080565509883993,14.079815524998413,38.46653994904635,32.039350253600844,8.458416967274362,0.8102568808074153,1
12.288222436032388,31.82461687216298,4.669581827245069,4.720057795659793,3.1262088787636255,2.8274448275216875,40.54386736261445,0
40.49672730519273,8.287812749037561,9.188662719387322,3.281428001414932,4.758564261023692,1.7479109137622308,32.238894050181536,0
4.042429159909218,7.196290832956692,19.825073461858555,13.582261200954177,23.071599391759307,20.681807535157564,11.600538417404486,1
31.915627552038583,23.088870913206673,4.740802942810744,1.2517565125337156,4.171392816330141,0.9764724301884931,33.855076832891655,0
1.6501508233237983,7.708463401686649,9.45010341022556,15.628551579752173,42.62301410343001,16.04219092268588,6.89752575889593,1
2.6205890418811464,4.236997427132055,12.047968484100224,18.9284205999141,27.186648159710774,25.316232542081124,9.663143745180573,1
2.8696808409669328,4.362529586359133,21.014104193573917,17.870628818951218,25.472531830474633,25.540682454893552,2.8698422747806145,1
9.874459918581808,24.987342430975264,8.868859825994075,9.92653675243603,9.992573186111922,5.007440513815712,31.342787372085173,0
21.806237159837714,12.70286487200065,4.819574239465255,12.096938670559819,13.552978638379612,0.639998711644482,34.381407708112455,0
33.53565823738395,6.405230635419465,6.897574748294279,0.7565979815362908,0.26570147945057987,3.177764640350837,48.961472277564596,0
0.9769779218933929,3.4470838230324903,27.07304107006543,28.7772292514287,26.02092237132494,10.404910305496196,3.2998352567588594,1
3.446632983806528,1.796761408847063,23.54209653279147,28.535876728029415,23.562149521508086,10.428806657290671,8.687676167726774,1
1.2433713752210716,3.489013535919409,22.761391821305345,17.280608047858284,23.87643590501887,25.14160478848837,6.207574526188659,1
4.274831470426291,9.131326890950778,14.902898327347142,12.447700888118472,28.333135189893643,25.219566428318018,5.690540804945663,1
11.934691158668691,1.9280320543227103,7.36223118965719,17.24316940382879,0.8950207828194133,3.689969905694663,56.94688550500854,0
27.86896121451008,6.802956594422958,8.935861931635362,2.761715570110047,7.822105842549908,4.953854295541946,40.85454455122969,0
1.5974066734296661,9.837146581164022,0.10590821992968241,13.789944097094256,15.565973566719956,9.345028511953812,49.75859234970861,0
18.3245911149029,8.92676569525181,10.045152238107956,17.20878470552384,5.542049658592072,2.1513713254513243,37.8012852621701,0
2.2599558041012973,6.419062365346809,34.52837571217087,9.661629938149526,22.900899751015892,19.90216205591909,4.3279143732965215,1
27.833533697554184,3.8818428042176625,1.662616334644005,19.619862301960165,5.131349487806715,0.49544148065268584,41.37535389316458,0
20.6592514202379,20.54514182416161,5.3545866847976695,15.15576083029971,6.065918221864306,0.949182487825965,31.270158530812836,0
4.385265560235959,27.852553974668282,11.510093898511435,6.635096553328393,1.555125764229312,4.369926845109098,43.69193740391752,0
6.2621531764996154,8.682608372497917,0.8094120042816667,16.235164577937113,1.3142794499002388,1.1902566281047586,65.50612579077868,0
25.82677056686337,18.995908283377897,5.0927695284789705,6.202508454143506,4.182169195540577,2.180052764009265,37.519821207586425,0
31.89550237031822,17.985874855271668,7.181081035939256,12.560902582296007,0.7075221049652931,2.952324091528646,26.716792959680923,0
41.617285964999574,11.064231957889943,0.3326362498261954,4.007938372278446,2.841503328196752,1.1585417630591421,38.97786236374996,0
40.064634845034455,10.738217000893384,8.261501847701686,10.649015511808074,4.116651685748367,0.45521227812082965,25.714766830693204,0
14.178285855935949,22.866916124987032,11.567418352053833,8.659533107815408,7.599969984341941,3.9030823406490924,31.224794234216734,0
0.19351348643127195,5.863384012558945,20.11831765700037,26.830028022577796,15.078247480975687,24.906776648602907,7.009732691853034,1
2.4040612898076894,3.3303748508118494,32.27244327242842,25.26468389634792,30.55781619081104,5.550152646686453,0.6204678531066252,1
1.7104316434003346,12.983068467898287,18.11679623660635,17.41360884613409,26.93982047334609,16.855771999754225,5.980502332860609,1
2.957482330570547,13.997716798055068,9.522970429981902,14.217978431326383,27.79029454186847,25.752644729935515,5.760912738262115,1
2.2289238607243638,10.99033558768077,26.605763561990447,24.090013563444025,21.172665622819896,14.347627180958995,0.5646706223815067,1
2.978612090233215,10.505685031813632,20.35783776882651,18.88513391838062,32.335099812996134,9.04149931615569,5.896132061594217,1
1.2077629098234688,14.930041981230971,11.619664529366549,25.194201187048808,28.640600573358306,5.874668419008891,12.533060400162999,1
17.724018721512028,33.06738904898241,10.877669769924918,9.316071505397613,5.401653620171535,0.6744031303203152,22.938794203691163,0
35.623572363205525,20.79711174033904,0.6038979299995506,7.258365746604125,3.5340412284110077,0.44033848811955223,31.742672503321206,0
34.05313398598341,3.0554091995575696,3.9532065009915027,3.4200348042021114,10.371529891892264,0.5401145611638998,44.606571056209255,0
12.015041405534378,11.640272513223062,0.8509766389728635,22.576996297406275,13.367604293359777,3.111760134586317,36.43734871691733,0
40.839929917893784,6.908656740362486,5.031260947902105,8.698625791721119,4.460589906851888,0.31402012107753524,33.74691657419107,0
4.35293099246395,16.345966616152932,23.65290819886547,10.671873904565329,27.968614968881138,15.110260160234779,1.8974451588364014,1
32.97156405954437,16.58483530480718,1.7173181398974644,13.91779268941526,3.6663074811297074,2.7705973259217727,28.37158499928426,0
2.030267402592302,3.547875779367995,15.370418629639232,26.79140152891872,33.31496559998941,6.380040469234974,12.56503059025738,1
0.0420866879945209,5.836229055851001,21.46938229765338,25.424246017238417,31.988626639606625,14.24041661222914,0.9990126894269268,1
39.83318511054719,4.732134030436915,10.145380195993905,2.659836482959156,11.59286449205755,1.1045657856161086,29.932033902389154,0
2.570951450709361,9.526866655626073,8.769313208446318,23.04700441787966,26.061622436982123,19.518800429372302,10.50544140098417,1
0.3531448569998141,2.899125909487027,13.892293349382124,27.438960510757372,18.95130506854409,31.173433568044672,5.2917367367848955,1
15.897467353127254,22.288083768381707,5.004497029880527,14.160012371322587,7.963213819793401,1.2380947983613995,33.448630859133125,0
0.4998168788755717,9.482566834103356,20.79329257181296,24.92949956397342,28.23973019735902,10.917541629011634,5.137552324864039,1
23.9799886254491,18.423471215902033,7.147509647361859,14.385606905966366,8.603184898694098,1.4066488842532805,26.053589822373286,0
42.230834673466525,0.029892243308077427,5.224458072645857,14.140847460449693,0.9797392067555043,0.24321269441274976,37.1510156489616,0
29.82291251411838,25.272735238496995,3.3134522428746442,3.894482974993063,6.97462254581321,1.5317125190920273,29.190081964611668,0
2.45414632660888,3.7652483083015538,17.97525800747957,19.735899696306276,27.07555454376137,22.257071563383914,6.736821554158431,1
39.70517207542009,10.609701117091978,0.7112351285570088,3.9151788500751716,11.584665500263814,5.090350373614069,28.383696954977864,0
36.489069049985616,20.14420930726577,4.6849123050482655,2.6667123700280086,4.8316642248553325,1.6929188634276817,29.490513879389308,0
0.4189310534571998,11.366850426944453,9.466028783684658,15.363730921757076,33.50521841298187,24.73565731785744,5.143583083317298,1
15.440530752091053,3.211667997227833,10.738665883360808,11.609822762574145,15.052951288205291,3.213227744933133,40.73313357160774,0
0.12410364985941595,0.4765073228122761,37.036080760311236,12.234103918149632,26.154695453911142,17.43487143717629,6.539637457780007,1
1.7247098068615745,9.359363890920198,26.13251470945155,17.196717496912505,21.223328821677665,21.97721542030474,2.3861498538717654,1
12.176115765061548,35.61671386975122,7.9635090675342575,2.2099119363152795,10.585537675730873,3.230166867300914,28.2180448183059,0
25.035250116898794,14.10761643500155,3.424584761633941,14.098038597956638,1.0774543796045366,2.5013680426933997,39.755687666211145,0
1.3254395129551153,4.675884467527645,19.544278849632626,11.524080216100199,26.765644127462775,26.43035622727201,9.734316599049631,1
1.031392564832524,0.29547205683707345,27.706353478137807,19.71640951559087,26.8615850142785,23.89758671733698,0.4912006529862391,1
36.46912852444923,3.359480058730338,7.162534041412613,11.84123935430833,6.468621086979032,5.2003567894916145,29.49864014462885,0
2.655978652549682,3.2921831512959785,20.379940244453156,23.783533861136746,28.323497966952093,15.477440546286795,6.087425577325538,1
1.7125903764200094,11.361790010977437,26.287649883381654,14.489721759640641,26.82559486721347,18.64789462652559,0.6747584758411956,1
42.96196443063353,0.052255455791225605,0.0952422504120105,10.689337696403852,4.858839405012481,1.1042100733383469,40.23815068840856,0
1.5700863511188736,10.903241157904153,30.49814206679713,13.346606069747988,26.75344940140334,16.77834899578253,0.1501259572459799,1
0.4630716307451551,14.38526662012144,18.539508902815896,22.860848540249513,24.696762964737438,13.743380605234872,5.31116073609569,1
35.54927867990274,15.890370872794074,0.27860026220782724,3.573416167248221,1.4005465984676553,5.8873174049231425,37.420470014456335,0
9.00800237161142,0.5032271162204999,5.96587001941906,24.779692913683437,10.398658457836328,4.709303483241608,44.63524563798763,0
10.638331670346384,26.394466616170753,8.102477828037527,12.128932452760262,1.38894820897616,0.7314047808134501,40.61543844289546,0
19.88332615515155,27.516280413123095,7.402686744860801,0.6150231226446289,5.85052873747283,2.324780374652998,36.407374452094096,0
3.7439805682357963,2.9733916910856104,15.966723455766536,21.23516330033128,45.25826456579534,10.630490542717203,0.1919858760682514,1
40.873514482511005,12.576339827127953,3.665849494375205,2.6848015487516563,0.8348317885697503,1.7338009300159436,37.63086192864849,0
1.0863454976043103,5.424061759236406,4.170181077598718,24.49748691573223,4.030453869414958,3.3400397902953642,57.45143109011801,0
3.0278955295303818,0.5723374091649871,17.826101873012842,21.674385410194148,36.58658406133994,11.27772395932946,9.034971757428238,1
3.8149831815839716,5.5804365328417616,34.71378939909677,11.503721925641424,24.173291053635072,8.294210367775863,11.919567539425136,1
33.76036757696307,8.732184421737848,0.29372672472350064,7.9726365497910905,11.9510875043072,1.1154083271046222,36.17458889537267,0
35.66722227855168,9.866165233308156,1.5644233897593613,11.87294128348354,0.9486245240184129,3.484063090317969,36.59656020056088,0
4.849819779630525,15.258273227879451,18.278275442240925,18.334611581976024,27.953394610287013,10.965697393258637,4.359927964727426,1
13.570841334564781,14.271609628225827,6.257187381508314,14.690559815537254,0.7996329900770403,2.232590726646074,48.17757812344072,0
3.612747767924604,2.6227510667946565,31.297140977028743,11.499396580841696,28.26861032337507,22.49720441366718,0.2021488703680459,1
3.956856339043835,11.399664265876954,10.377191967589109,21.09781114943787,19.213158957839553,24.886404721958787,9.068912598253897,1
2.5293302015438925,10.422233406142588,14.696826373965061,27.86962199608986,18.93146270050777,20.88901685241309,4.66150846933774,1
28.916022512077326,18.061985396705158,5.977151758604624,14.60698750815027,0.8574668678940529,3.34375520211312,28.23663075445545,0
3.7448350774382737,2.60215377418305,25.29098212253041,24.41357251079613,17.39620555951352,22.201763265458442,4.35048769008018,1
40.14679127660485,9.927972353308382,2.8668887929277846,1.8205911357794282,9.040501602112466,3.335550196537017,32.86170464273006,0
17.241915100104652,27.220661185186263,10.435247168891,0.3962154670369689,3.126091764231895,3.029529510241714,38.550339804307505,0
1.2458446657096538,11.852908345613832,33.093290779684956,13.433089627822174,23.892776899876488,7.509806843372598,8.972282837920284,1
3.171319209735853,13.996457571288367,10.388727692560517,19.34365381417478,35.0909717867454,11.180769996047433,6.8280999294476565,1
1.9744842086252428,6.173600689116151,25.1546529124833,31.212617115799247,20.460206883863016,10.485387521796357,4.539050668316691,1
19.826134328015037,19.359161649952302,1.379287689285283,16.79266209617315,2.158926164001424,0.5082445679652077,39.975583504607584,0
2.2104337727099743,9.729410393904647,6.860941028614198,21.879724393283308,4.892929597836678,8.311941525451273,46.11461928819992,0
43.05604621922942,11.464418454019237,7.747305039985466,0.252089129678592,8.07427071138102,3.510103912460961,25.895766533245308,0
0.0023067386063451907,7.900464333837746,26.169517275517006,16.30267278149672,29.164488997246966,11.332777969668113,9.127771903627108,1
26.927476670949773,11.283011351534542,1.145851169746799,13.642243021409211,4.742691863441415,4.649042166266439,37.60968375665184,0
3.0422871828379225,10.190510323697005,22.817857616809942,26.078427938553784,28.108517506848603,6.923879893216746,2.838519538036002,1
35.3364109863003,16.147762613929338,3.3737823209619404,11.611459682314196,8.028046950684342,1.2951561733109185,24.20738127249895,0
4.59549209864853,12.752711163306465,15.25189060749916,14.589312858603662,26.26159210045053,15.66493971799817,10.884061453493489,1
1.2147797465240573,9.859985882213923,18.363401956586888,21.436325133429367,21.25032094347086,22.129435078081684,5.745751259693213,1
33.30794153879385,1.9710272717268478,11.054236611555186,5.527223156108882,8.840603464051611,6.090550350493932,33.20841760726968,0
1.1875689090588357,9.010499369292708,22.623717386177304,14.043224881810465,33.64587870511909,7.776955784131902,11.712154964409685,1
0.11404381359498368,9.402572045260055,11.934969353184789,23.142427273639033,39.0810659764641,6.065076654784719,10.259844883072317,1
2.224824792773083,17.71819673451017,14.061161625270419,14.283442318288431,40.84388976519927,6.992862252781909,3.8756225111767164,1
2.3030587912263494,14.705525315204287,19.274816691484833,15.561034611363553,20.397137473462692,17.88500231216895,9.873424805089327,1
3.558019452717946,3.9612772784029624,18.95574905297181,15.977752119217298,20.13700441093125,25.33496608725268,12.075231598506058,1
19.122144990575986,11.118765678689336,2.2181625534624216,8.085787714172602,10.807443705851547,3.092913494662588,45.554781862585536,0
2.9089562167295977,14.616510804319244,30.885006198078557,12.188060051988211,15.53204491912335,16.421834870420504,7.4475869393405505,1
34.32853614004502,12.470868606741394,7.201106416336869,15.694735213651507,7.309066173573522,3.5635223256093473,19.432165124042328,0
29.207550760190625,18.798423176599343,2.545453135991794,12.859932173483774,1.3743533761312172,0.6100120683442432,34.604275309258995,0
2.446480198441137,1.8055991726169989,16.7465891079584,24.88581406270464,33.78601674429424,10.960354902391375,9.369145811593201,1
0.5087463938032584,5.482873814168075,22.27053931128674,19.2643964991133,24.78864148738143,21.999084711419286,5.685717782827913,1
0.4242391445766282,11.702476994851448,18.92360205105828,21.277032570809638,20.5421813109898,25.954735657800555,1.175732269913677,1
3.6449014392560706,11.480749069116149,23.249826599025646,15.781075560872399,32.76024828344937,11.78846754494696,1.2947315033334148,1
1.250579581163839,5.792376046760082,7.9009810488068215,23.860289550895263,26.732301141341843,27.00101444592859,7.462458185103565,1
3.4143278422829404,7.94283299529117,30.9626575271748,15.678973184613243,18.355511559076326,20.102601852059834,3.5430950395016785,1
0.5361840431330417,12.652075075137889,8.13033307410173,20.084070507694403,25.279241287683174,26.92444322911685,6.393652783132933,1
35.156388890359175,11.125889162830168,3.9818274754359533,7.7136967288144564,0.4907323978500944,0.43420242116030205,41.09726292354985,0
48.595054664534004,11.27441172161427,7.604301538281283,0.6251624494506917,0.9915153766108428,4.712767778374848,26.19678647113407,0
13.827768015683104,14.640041487233734,5.016333892610038,22.089614766667424,4.837650898015335,6.462145696141302,33.126445243649066,0
2.324685861318483,15.916292599420853,8.169206385515505,19.567402780667244,32.789348294247404,11.307969068767328,9.925095010063187,1
2.9252736935385544,4.904561289445327,28.572755914908505,12.928290762687011,17.170045027593737,30.941976125539416,2.557097186287437,1
40.752712575092296,7.22354767396764,8.820440919505158,14.067688590204646,2.5582900966235638,1.208870375234356,25.36844976937233,0
24.48351883861021,11.299502228361133,6.588736189722015,9.926560177599397,6.715721361288305,3.1108747398097836,37.87508646460916,0
18.186220978575733,3.0501369577516764,8.610438698682815,19.90569842707786,11.702252751826077,2.8788969390148567,35.666355247070996,0
26.553561842214922,21.362078402568166,8.28803708896117,8.595244452041669,3.229329165647695,2.413142112681351,29.558606935885024,0
1.9618995608237857,3.396678904116198,22.551855735854907,20.669833839620882,33.87741075417717,11.159601860891403,6.382719344515647,1
18.964935527942213,12.236667025773654,6.412614070873957,13.110224794018901,8.764826037607932,2.5576214973239932,37.95311104645936,0
3.133384840833421,6.111576012468346,22.161582937184605,14.070543636519037,25.12581257791538,20.487046891809005,8.910053103270211,1
25.936020641228264,4.758696092926338,4.086648707870036,16.576950966074513,6.832623730127212,2.5017905356056325,39.30726932616799,0
3.252558133378841,13.959336014776877,27.681222970831872,14.689531527286029,26.786735933914883,3.9576330230518604,9.672982396759625,1
22.952398863861173,15.090350772421141,3.9188972016979027,9.197900997784615,7.054890061159281,1.6920956457238234,40.093466457352065,0
2.3047435056554115,5.877316681836919,22.152422459964765,21.737518353336355,23.808842645575524,19.494907740422835,4.624248613208197,1
2.9743560019911692,9.883519905428225,14.842225086429892,19.924188257429144,26.75798488720314,21.70783971004187,3.9098861514765617,1
2.408999118872165,10.80361584646013,20.901835657926263,19.472260108879382,24.67020715127986,16.597810275874906,5.145271840707287,1
1.341713416579368,12.895737557177311,24.848344925856207,20.850870374262925,15.163078679703842,22.957003927065934,1.943251119354417,1
4.335619556217149,7.99654291526983,21.1640246516497,13.811444118972439,20.086300992605,23.03007602571411,9.57599173957176,1
11.269566553724887,24.20409443068724,5.597580841642354,0.33721701289416534,7.5754330881211835,2.4920482445119867,48.524059828418196,0
3.7660061189022542,10.684692224590428,20.021384285773518,15.467588198945714,24.415852305057435,23.532773521152023,2.111703345578629,1
35.09257888983453,9.245423344955038,8.15738454543024,13.10304830563862,5.753491669374426,0.5280552257887429,28.120018018978403,0
1.4086230181625117,0.9017172780588065,32.15314755887655,27.65611567147887,16.762758178210333,19.28596860403769,1.831669691175231,1
40.6950116955305,2.200323897241959,6.783301885794166,7.476533342607813,8.686062298254981,6.2174499204861675,27.941316960084407,0
1.2514803800072674,2.0585029313548757,30.097652597308805,13.989409332687439,31.98081643282457,11.393963374282759,9.22817495153428,1
26.324660620314177,22.44131053223856,8.396430722490445,3.3811351537969743,6.970959826475176,1.3800309820662608,31.105472162618398,0
1.5188324772616397,9.71721332722779,29.50652885921642,25.043188576316368,15.362047399695847,18.580382520719986,0.2718068395619628,1
0.9811994992855948,8.982918375948955,18.689973433484933,8.306856079109162,29.59089430141425,25.482566790400803,7.9655915203562895,1
35.60408555421136,18.932739821916588,1.501641367752897,6.546026009168317,8.356027164887974,3.3042777300238293,25.755202352039042,0
28.299324363766736,10.765143664436502,6.131011931917088,17.14472969156384,1.7075905133837874,3.67731081841626,32.27488901651579,0
9.356275068090538,32.39874350226489,6.859179904237453,5.010146757223943,5.9783548710273084,2.128740823872326,38.26855907328355,0
2.6750881018918626,1.4010628332609645,13.05192293030889,18.443050789799848,32.862581718478964,30.010798930810388,1.5554946954490685,1
24.10849028300158,25.195087572068076,7.043665562236585,0.2369306083592529,8.173474766391376,2.195873188500313,33.04647801944282,0
2.688291997049744,1.0755835749312068,24.586130519449302,26.741589443478038,33.613418009047045,8.299925647335025,2.995060808709649,1
1.7132699290587015,11.614557874215457,11.190232946275028,17.93439119792891,32.54286117822483,21.651947927845505,3.3527389464515758,1
3.797014861938406,15.036680082699489,14.348493286482125,24.67157164519301,18.84492122642057,14.685447822057757,8.615871075208647,1
34.19195542082649,25.323469360531636,7.270120082149946,5.149768003045389,2.613201399287685,3.8711409690212473,21.58034476513761,0
30.931420790678292,13.858836328304303,7.547978809468346,14.19321984769783,8.208022989426617,3.3598773537099413,21.900643880714668,0
23.564843693689415,22.471500381134653,3.307593207340651,15.95405534182944,0.8897683522114406,2.7113990222531985,31.100840001541197,0
32.16856155620925,9.608381362378427,2.3521160157236394,19.187828965566535,2.2183446646407377,1.5585196947651314,32.906247740716296,0
37.291161695656925,21.564441044381724,8.176464624609112,3.0117129138020733,5.884349768626146,3.740548627945911,20.33132132497811,0
17.7702803163245,0.6482756004706067,11.787835775284957,0.4910786338983138,7.307751438616266,0.42516004999837187,61.569618185406995,0
0.08268336679780915,2.6694836368796073,34.73957066525317,12.60094457050708,25.252526892710875,13.3890552669966,11.265735600854846,1
36.1654873354217,7.81747373375308,3.4902342434081635,20.15262356390307,2.6171851190899575,4.895287508291908,24.86170849613212,0
39.965936454372276,8.489692343875692,3.835927243569654,8.176433176198907,2.86205292355911,1.569261739451605,35.10069611897276,0
31.28141850562656,6.375947396263766,5.93274094748115,17.43349726558887,9.023069622195502,1.562846838880572,28.390479423963587,0
21.13925427087292,17.935229812679367,7.432447870627736,17.333723057819547,9.042523920256219,1.4761440654608975,25.640677002283326,0
50.376455042703896,2.6072549706303585,7.859390661070356,7.153924494921723,6.98158188705664,3.4785468519837384,21.542846091633283,0
3.433244214032796,15.676372013928644,11.743381713459547,31.310476837205027,15.858184339276104,19.114879629555983,2.8634612525418968,1
37.20071019895094,18.577130760718106,3.677492939754982,0.16635053983512915,6.566349872099562,1.7219917032573713,32.08997398538389,0
20.172192464270985,7.567550122913919,4.6307661445749275,17.428468807078527,7.409655899151097,3.9457536204134884,38.84561294159706,0
3.4338228695669595,13.24311317159171,31.943320965174475,11.75418000749626,18.20250478118667,16.120281957213393,5.302776247770526,1
0.6574382255375331,4.691035392877869,31.237478110819776,27.463070150783814,17.975827400227907,7.811174472235079,10.16397624751802,1
25.893102819174914,17.081912126242646,1.020479318640613,6.353770611210906,1.383723198872846,3.0345072857114577,45.232504640146615,0
14.354997416849475,18.224455315689895,0.34528275339294884,23.910961103973296,0.795716351804626,5.563266085733723,36.805320972556025,0
6.61914388056081,6.059896952686343,12.261869772577967,13.605679479211458,6.316339954425847,2.0906364399066466,53.046433520630934,0
2.5880302691439554,5.440269369603589,15.64801320626529,8.14953549353239,32.87327447203798,27.791667920263702,7.509209269153081,1
1.3780327137145756,15.481892916395712,19.679024481213375,10.933554336427584,16.80387022368522,31.82954325412304,3.894082074440483,1
0.5996241077473778,16.920576211235986,27.564409586949296,11.460653548639483,30.800565285490755,11.718253093126025,0.9359181668110814,1
0.9749301590908399,6.137026153554013,23.05128216661394,20.792193006678094,18.439971346311875,24.274240771842802,6.330356395908421,1
26.20743243259972,17.810301778365574,6.179995353864632,1.0675834578816716,1.5484855094834893,0.013635635883536086,47.17256583192137,0
19.360780787011276,19.395182968431918,5.74854442636467,10.69516758215639,5.001583149018851,3.4842789990371776,36.31446208797971,0
2.365684185284042,3.9289794214267566,14.973144952519934,12.899540854210326,32.23075091256442,23.13101004997383,10.47088962402068,1
2.0745655268215977,7.98267185510521,21.320716025898754,22.053014210593496,14.07246952857239,25.55604765725229,6.940515195756286,1
2.3417826652270555,8.594464846614581,11.30677713194162,29.62343678569831,22.716560306467397,22.09068133464402,3.326296929407014,1
2.9580064655836242,0.7466036699454733,23.958826654670315,30.44912482327376,29.297687657362033,6.383540991591577,6.206209737573219,1
2.3162501233784503,13.547352860806514,28.489790879620468,10.703467731315172,29.283118590899754,14.20233792263951,1.4576818913401275,1
0.6256213071795376,13.412398983716745,12.42422192177247,31.598753078771352,26.815968000824387,4.9921674165115215,10.130869291223988,1
18.819211536670757,22.37113172448926,5.2679469413316875,19.976878113615797,1.1096467861375765,0.7977198006600492,31.65746509709486,0
3.594944215189956,14.018110897729711,21.55957555200675,13.225261388402545,33.50744830126369,12.620287182380336,1.4743724630270099,1
3.1018318418100157,11.918660926487593,30.69083194934209,11.302843288383828,23.127728893645987,13.687034943697816,6.171068156632668,1
4.448981459346781,8.224047141919353,14.229513148350645,11.27118069737144,46.93477437568412,8.587047455883475,6.304455721444185,1
1.0221850902207654,30.833108341251307,9.043940265822055,14.626765911576797,2.326296956208787,4.665252371958332,37.482451062961964,0
19.404101833582793,8.077327740228768,8.475101593456435,16.38537724607137,7.444728618842768,1.3701499513343478,38.84321301648352,0
17.64675767743609,16.028425496610815,11.29634474127626,10.014691927578559,1.0067623100987162,2.862717667187174,41.14430017981239,0
1.050014610889322,5.935568041322106,17.459841927366146,19.865742795215414,21.10767402300871,29.432184653535217,5.148973948663093,1
1.0708890537577616,7.51885308909745,31.052920366977403,15.71185325314462,24.60853321941147,8.147054232473362,11.889896785137921,1
45.74828164620017,1.3722746929259517,3.2364822965695836,11.971349365295785,4.985795501023873,2.715523589699697,29.970292908284936,0
0.14218717589282379,2.833503907830953,33.93527550680929,26.64692523264167,25.521179089293376,10.161112834838546,0.7598162526933379,1
3.3773554565702897,12.529625353239457,16.812792082505343,13.50261337016653,19.841212279061004,25.35302828863264,8.583373169824736,1
1.9003122968366908,18.69825384649431,16.101971104748216,24.853828755099656,28.831936809415293,9.144381852229504,0.4693153351763172,1
2.6718341850349874,6.168785583371819,26.22853147891545,21.354154093895147,15.836815256439166,25.052927876145574,2.6869515261978423,1
4.532374404964036,3.182213724649193,30.992095342576732,21.436543765184297,26.78777882121115,7.3320572937349,5.7369366476796815,1
1.4340126673841742,12.48738176442332,19.68363004744528,26.893362599949945,19.34187643045567,18.83085319348991,1.3288832968517212,1
0.07921220921600135,13.939160865130434,14.63511095444741,23.816393182177833,23.72296588647378,17.31985886428268,6.48729803827186,1
40.340390198939076,4.99282909314892,2.6436159957126244,13.39423272449108,1.618511003422677,3.6879983713656777,33.32242261291994,0
1.0979379378780165,9.786278976691436,16.641848748256045,19.843119465044012,28.48614807852201,16.993810497611463,7.150856295997018,1
0.009839423469755176,3.194654816914567,16.974842956978094,17.33281944013299,35.213040580870626,21.803704245819674,5.471098535814288,1
0.15619165940101654,12.957610940432124,10.705351102311122,21.176578003222442,24.13720528662021,25.970869686981512,4.896193321031567,1
35.343287808469334,15.858392541107632,3.762414809561729,15.213457858695318,4.086003908858414,2.249958956268588,23.48648411703897,0
32.13262273604698,16.563982623308757,3.032337731562869,1.2741588541599977,7.842707740246974,4.101412404030895,35.05277791064352,0
19.140023290875206,17.510750868370074,7.2354675117115494,5.824028935203119,0.5944751907274508,2.397811085750144,47.29744311736246,0
33.272369084244175,19.10366571784267,5.9618364791257195,7.599011621712223,1.4016657231533185,1.8424872135479886,30.81896416037391,0
5.975047708104441,14.626967690477159,8.00278909677323,18.314224941796947,3.436244015853436,0.04025912710603772,49.60446741988874,0
20.668882144725067,26.39567179745896,8.525963406792073,8.93690629711321,1.203754584486989,4.878039026838065,29.390782742585642,0
31.554184283065883,17.687644805705926,0.32328166947826714,8.410209736372575,4.242489396312664,0.8494586990605701,36.932731410004116,0
1.7591285579113922,6.482930786023382,20.100210618377247,12.95491403696123,37.15125776520709,17.051545394271194,4.500012841248459,1
44.99742871113469,1.4059732082695038,0.271748777579858,16.225213483845046,4.607814596224034,5.315813057928803,27.176008165018068,0
37.87196006271225,12.957219479776509,5.200733771465738,9.88902448298955,3.7805491736243626,1.5330903814285157,28.767422648003084,0
1.278919826816762,4.9705619977580096,23.99785337054125,21.765593757268586,30.83220288058434,14.942120437916751,2.212747729114291,1
1.7691842168514493,0.4476674526500295,32.85262446069728,11.626805026568615,18.26200356907963,27.031368897000018,8.01034637715298,1
4.773825972617616,17.54475405042209,16.87325207212933,12.597668163923844,21.60563232308436,21.454981927803743,5.149885490019016,1
23.736708175517762,30.624041663701362,9.179546135143633,4.235768687850879,0.14420026537347355,4.833609503337372,27.246125569075534,0
0.6727945228731237,3.775519890238683,23.78186417082643,19.94275658314642,28.15735590686429,18.872016142000888,4.797692784050164,1
0.19801476133052132,15.11750119400098,32.31330614033606,16.50399406570631,16.16628569488439,8.35327807403098,11.347620069710771,1
12.01409081963407,13.874545701700146,10.085663583699176,10.256016972072644,0.9928779098430599,2.127547828751816,50.64925718429908,0
3.281752043562982,4.648235964749062,19.08689137938049,25.78503026532413,30.762222108268812,9.630709337624628,6.805158901089903,1
28.432228461974745,7.494637121380777,5.566239814502973,17.47864229357723,5.881090587356979,3.659901520880767,31.487260200326535,0
0.5557646775352815,10.652340439584233,19.314860239172145,24.172065097860262,27.169783070052887,16.24917457202098,1.886011903774217,1
0.2505684501117748,1.2325237834696152,10.233307455275877,24.94097809236148,36.40464990322092,17.76727710578955,9.170695209770775,1
0.3454390003202751,31.357627332838376,0.8368166431883156,13.891466796899929,8.101166588865215,7.859446251250471,37.60803738663741,0
23.512440932723877,13.154525699622258,0.57364001093193,12.013042049834233,7.492209127863106,0.045706523240985016,43.2084356557836,0
2.9780558858668984,12.398947240101826,22.60330017247482,11.327007849697704,25.696535818667982,22.777097755962178,2.2190552772285868,1
2.003070348703359,5.8731340313018885,21.172792788418693,17.455486533618554,22.23419193888396,21.59030573486749,9.671018624206061,1
30.94706153849905,22.543093357964576,7.441195445762043,8.872912785824875,4.4070949899118705,1.2769519069974127,24.511689975040177,0
2.7082825089513642,1.8440057640709595,21.404172066127416,14.063392720573345,33.73675053099853,25.57055955076239,0.6728368585159822,1
1.862143424268481,15.293296023481975,31.739349538256086,16.182366682398992,17.90621271256211,16.418945093389894,0.5976865256424552,1
26.245544978977865,15.56154372165296,8.103028384702087,10.316848971833998,2.5862423768421916,0.07222333464743731,37.11456823134346,0
2.3727776184630613,2.8317347490250317,22.31878851137687,25.455738424870923,19.616250884124295,23.88087791894693,3.5238318931928836,1
2.918487905932484,6.0095901335465385,26.96460765475324,11.506021817602031,24.619207065253683,26.371369787665405,1.6107156352466057,1
2.6209963050904825,5.024028081628732,23.753106386840408,15.31378574820163,24.968034388300886,26.607045041589906,1.7130040483479472,1
1.7415760557111113,0.10742399528250314,27.424182256792,16.087013175328753,39.53515866827591,11.444328276777751,3.6603175718319725,1
21.62682424227431,24.15365095993832,7.7423623652067315,13.964568707172154,1.0747423744059093,2.4977794966366815,28.94007185436588,0
26.504831907123478,11.745529920950903,5.149733777674462,20.173985778692185,9.500364970277495,2.326800125944026,24.598753519337453,0
1.1767261333621937,2.289242375601317,19.017858258708127,22.761277146868665,29.661095550556443,19.756697698559048,5.337102836344214,1
26.235552171048294,20.483001229498356,5.639442111651636,6.190052067695877,0.530303303796023,2.613941352467767,38.30770776384204,0
1.1490482003448437,1.1643817836617976,22.08630865609348,17.922587721306797,26.22364699855607,23.304071499020175,8.149955141016848,1
26.06301309698861,25.57634084621711,2.219055191374041,1.7559052868711449,3.597343366938171,1.9483113705355333,38.84003084107538,0
31.015605242619117,19.865467159796104,3.250270118143429,15.498825212047121,5.595148595921147,3.4632132630716317,21.31147040840145,0
1.2146180389048828,0.7151709249441497,15.957737379571741,29.48737887771144,24.71448142152362,18.230060251904057,9.68055310544013,1
1.3355679936454676,9.986127783651293,11.540042454914289,20.923399805877953,32.61879990348197,12.032043815124474,11.564018243304549,1
3.610075135310993,1.5120162134079165,20.988021244422555,13.662418912051688,19.035513137929485,35.628312416242466,5.563642940634887,1
32.8091548737345,3.51813008487327,7.228854856286543,9.790102654244146,8.307874480369183,6.237599538733796,32.108283511758565,0
4.5579436553245944,31.28462373265292,10.779595682164542,10.81632720450702,1.2530664113349794,5.0376163318301606,36.270826982185774,0
0.19624902005253514,10.338997178527237,24.569408204931868,15.361433791477952,23.200934518347054,18.747744109425707,7.585233177237652,1
0.6662643157105015,9.384568960359301,17.207647454371347,11.416534700213537,32.56421106691691,25.940599877418396,2.820173625010005,1
32.04862206443997,1.6329072972161476,3.5573295958235542,12.761012395583506,6.781871662306176,2.879155993224678,40.339100991405964,0
40.52705521929191,0.5159393172796738,1.1031309669999214,0.6024932595832858,8.837322113408181,2.3200529114553787,46.09400621198165,0
12.268639309963927,29.570193589608106,10.565408421918693,8.854933693591034,10.663152227225215,3.5899326589631473,24.48774009872988,0
2.3763305380687245,13.31129528696896,24.298569500037978,13.045782624607114,25.711933311305664,12.440812199008706,8.815276540002847,1
2.9937009028925354,12.231461082716564,17.304703269072707,26.66783551069749,19.18279122405575,19.216026406208886,2.4034816043560507,1
29.355036114225403,5.500040573282683,2.292992275287414,14.827224105783104,7.42644225852268,0.4338407743865703,40.16442389851215,0
2.8617802655257267,11.308177321556887,23.559238216712195,7.599011386389054,23.84833749498073,28.214253543282155,2.6092017715532547,1
0.11301987321361354,3.2696499723943075,19.73519245837444,16.617586367894503,23.762747001734425,25.90711332716421,10.594690999224492,1
1.7061256453211966,6.9146915945570235,23.72977225730799,15.390748723763686,21.950339539932582,21.873761063952806,8.434561175164717,1
1.6924174076782212,12.468650260514423,28.988328393761098,18.84540096544547,14.230714352372345,20.30912781270601,3.4653608075224165,1
0.43348336088892875,9.68151359561946,25.52128583601136,19.47165432920336,22.64908920811429,19.0997863778943,3.143187292268294,1
0.6097286485477977,11.873033235780591,9.277133322586732,24.983724620611277,31.855187143991632,15.37714892154895,6.024044106933017,1
3.6974849725682533,3.98706761204196,10.63178780959741,13.475259000089688,41.017838246015465,20.922315168218915,6.268247191468304,1
42.99522762629383,16.791972247334204,3.2351418315895586,12.697339152716522,2.9573028078774017,2.725281434575662,18.597734899612806,0
27.095986274242655,22.07268807965064,0.04543091240549327,11.225294739960686,10.958737761919243,0.04658995059158185,28.555272281229716,0
2.8152073224174288,8.221910670095246,35.36544919437951,10.95380417280198,23.892833109707823,8.281834446461215,10.468961084136803,1
1.3321583959792453,8.389814690321456,24.29208313704806,10.65984646727019,26.091252664268833,20.48646220628263,8.748382438829577,1
36.37791006411262,10.820970484288713,4.5233960540749365,9.849098165769608,4.490579734489955,0.20786493079857937,33.730180566465584,0
27.00205126279297,19.423904889359516,1.2587968166176504,9.79971045860035,2.8976111728596754,1.7211338355763341,37.89679156419351,0
16.97918387034715,25.777162418077122,1.310292474767248,15.155250951771142,9.715425974516496,0.5881620399738411,30.474522270547,0
23.08158509286993,22.037527446577172,10.02157033743078,9.251387875820818,0.17166865997475814,2.632520378617366,32.80374020870917,0
2.485025514623035,10.890734770314605,11.428722661571564,29.44620737338351,24.985515509785785,16.06009118915707,4.703702981164422,1
20.297041505434326,25.08465596891871,1.4532172599615647,14.169157500097382,3.569646109830824,1.102569054300837,34.32371260145637,0
17.846865832240567,22.147976029474183,7.0589871333455285,21.04221337725384,0.1405138073541499,4.049208595338072,27.714235224993665,0
1.1733054105364782,7.3026490554344985,24.80965030004715,25.502296733594278,17.410347111249553,20.09839292009844,3.703358469039622,1
32.71554774671462,19.70827125992576,6.121804596074289,0.3530056969493915,5.32327428128754,0.21196834523658548,35.566128073811825,0
1.0241631108570621,1.4402299149850895,10.871060867431986,28.790456558430023,24.048667444049148,22.424719374956286,11.40070272929041,1
0.4603113473892202,24.688657946839193,12.314313656419658,2.5995321933057225,2.498011010518387,0.8044930932592601,56.634680752268565,0
3.085438248019795,3.498427408499106,14.55630007251002,25.045016763074525,20.944730101542312,23.83609552871962,9.033991877634618,1
4.41652797799587,8.267543703932127,25.718327252576945,23.751278930509038,30.302685100818138,5.042026393953146,2.501610640214749,1
11.547951155243833,29.187744560229344,0.21175400262296792,17.293222521491852,8.371424393435177,4.781025770513905,28.606877596462937,0
0.7715086522497636,4.122078356247803,21.350343997058026,22.42682867908674,27.138752309126442,17.29800640544989,6.8924816007813305,1
1.4676140433891827,10.47273874050595,22.84328260184094,20.766381278525785,30.075507833018477,12.619967407635476,1.754508095084197,1
26.59255809745702,21.108680315782998,4.624354880977553,3.2161796606938715,9.893284979296658,3.6299324071192873,30.935009658672612,0
29.251606158021293,17.657100238385944,5.749814868585091,6.066800953304022,1.3211570816332607,1.7482378635074731,38.2052828365629,0
3.8304716391979463,34.5606375901232,0.10997224253233269,5.443883976588011,2.8227159552056773,3.7316641227961784,49.50065447355665,0
2.6870736416157244,2.87851651853082,21.107861179519027,21.092676043929206,26.998290445180256,16.549207057193037,8.686375114031934,1
0.9858535906729708,10.751860246327215,18.324878093675494,20.803128792063614,22.274731635677032,24.584438046842298,2.2751095947413913,1
3.6108861095826215,6.165344712124124,28.643565599667998,12.381168427568886,26.788103929452046,15.467016853358096,6.943914368246228,1
1.1097621531391773,6.1354219080504935,24.167710625277962,10.940231333252376,47.06474147194673,6.3679203800819915,4.214212128251262,1
7.5615081371693,27.18447229320023,8.599751980231197,13.645314226402174,5.2862854358584395,3.324940046072956,34.39772788106572,0
2.107668081615643,2.6980192494213973,25.329888705636233,11.309253663339074,24.256278882743928,19.769116172574428,14.529775244669295,1
42.11897901357912,1.07978219880782,5.802475897446766,16.732092150697312,5.849803450447124,1.8575595940078622,26.559307695013988,0
40.35238721032606,7.142221975661276,5.954521746798041,11.749623806628476,5.544173063639333,1.7303771839451956,27.52669501300161,0
43.12547860163028,8.537822650923141,6.292027625158447,3.301140421116385,5.589116513288884,0.8276257217102623,32.32678846617262,0
0.12664548497867334,4.803300985236141,30.830212531461264,16.77787640719111,34.36725793019266,7.686470668038098,5.408235992902063,1
4.0172938141283945,3.8201736788821017,15.5238637651328,19.187661121912903,44.853253541273105,7.6030208191080515,4.994733259562661,1
1.731403601648053,2.110334150507037,20.697051167194495,23.53411299138849,21.932988265435927,25.47113095268242,4.52297887114357,1
30.723287960969152,16.67613849598283,0.38573757355042326,12.729817400000673,1.85298567778978,0.3256386746131487,37.30639421709399,0
1.5066719157164554,6.961286444293599,21.63984852517694,14.5663390636731,25.019614885474343,29.141911182345044,1.1643279833205167,1
25.409593916950307,12.546523554616693,5.773763576555621,4.6303131017487145,14.04461754903377,6.9776503059548745,30.617537995140015,0
1.5147573683698912,13.399242297192654,21.827949060659062,9.711163226795232,20.705050952281777,24.392375827278748,8.449461267422622,1
3.0544320889779,5.152072763994105,10.854591268751241,18.33464718953825,33.39186395944565,24.665651884974924,4.5467408443179425,1
2.4706767784783,4.070351118732898,27.81487671980366,20.84673085088671,28.77597594284065,11.579035836834791,4.44235275242299,1
42.76116857221732,2.7244955373884867,6.654368920121883,6.967477350473576,2.166916630357036,0.4425249332198093,38.28304805622189,0
16.213125600830224,28.73403449846509,8.17095919111734,18.72474716113467,5.987596099377905,1.668649609737915,20.500887839336848,0
2.041588348554981,7.2268489404120215,36.077706870097224,14.728747772304176,32.37884530439157,6.809778340006459,0.7364844242335639,1
32.67514024587511,9.299165814695233,8.67880441635162,6.879922685131769,7.4758220688562815,3.2172892354883955,31.773855533601598,0
3.2554158705308285,12.092081176057649,18.712673561044962,12.40758340646314,23.122518121700963,26.465590281856542,3.944137582345924,1
3.7269981132282957,13.197015797352194,23.19559656853051,26.088495877455475,19.62724778682326,7.728949728969446,6.435696127640829,1
42.6703593672816,2.8837381509574143,4.282457971339964,14.145042892072693,0.34812282023443447,0.04674031019994185,35.62353848791393,0
0.07928195970196122,8.56573722483921,28.495774752457738,27.130401081078848,17.45154456546144,12.727592577130206,5.549667839330591,1
0.663833936963362,2.022916086259929,23.975015139905178,21.353397310503887,25.433468700923754,20.67793662493635,5.87343220050752,1
1.7749290804137088,2.755271519785624,25.77383870212942,21.339962612447312,31.0554382281428,8.608797350928652,8.69176250615249,1
0.6828617419655266,15.518508411009908,18.116974605315857,26.777776943700143,18.720379207629144,19.494066736362427,0.6894323540170012,1
45.156172485953654,1.1206030103614368,7.541241121001696,9.951767381185311,0.4020323150569861,2.718356449838753,33.109827236602165,0
2.2532015433145944,15.461573697033106,24.28076421753185,15.880205131661759,31.8719834031667,4.606823669331924,5.645448337960064,1
2.139306244269508,13.407078625764846,22.403074335501373,15.498830782842694,25.78480278377317,18.59423865183956,2.1726685760088618,1
26.14920505133018,2.4728783740179408,11.929982176113327,11.56599730773144,10.316489691893556,1.499781708031018,36.065665690882554,0
1.799524705822974,2.264484573404375,21.643926322903106,22.963181699405418,24.61438280081683,25.287135615789392,1.4273642818578929,1
1.2455082196181566,3.3070663030495338,34.11019461573517,10.448615706355326,31.754579074429284,13.16505622857127,5.968979852241269,1
10.834746619125072,27.827792407061285,3.5304427168983605,23.86825106895353,1.5081421141855889,1.808629301662723,30.621995772113447,0
3.5480343228521254,5.7780758642739,13.056970057551743,22.88188331213061,26.6614486119229,17.637473788306085,10.436114042962638,1
26.41485748940775,15.447978670021122,2.2412919443764565,13.129358940816344,6.26271438442336,0.18275480176924208,36.32104376918573,0
29.170847873254285,13.347396830367627,11.653487859936003,1.5560568412077547,11.105950459449996,4.778411576661205,28.387848559123135,0
1.5487818600099588,8.876611139658538,17.967990314348633,21.487939890366548,23.448379575677038,24.716697062932965,1.953600157006323,1
23.454726858659868,24.040166691961694,4.678951396649844,16.26512961374203,2.543963052112978,4.771824294453973,24.245238092419623,0
2.280342496746889,0.7004927484455377,21.426523916744785,29.79353370118727,17.476578654660425,15.362144076145759,12.960384406069345,1
23.115683532799082,25.637594799446344,7.994924980002417,3.632801673591293,9.802391202314631,3.1965400213978006,26.620063790448427,0
28.01409499976215,17.719051651258034,5.151372161359424,10.657363618563815,5.572060433094219,0.7685323974018647,32.11752473856048,0
0.17099020457702327,3.0681054939954024,23.929173327436793,20.156055562701162,24.933262737489187,23.07240313750122,4.670009536299208,1
3.0122160756730585,14.722716162894336,31.32987229794375,18.308426299826873,16.374261599682647,7.593163045017731,8.65934451896161,1
29.656522091884575,12.745626950467159,7.430183103401901,7.054565631835723,6.634682635229259,3.173498697740926,33.30492088944047,0
3.2349917901474874,33.55631922339724,0.8160136057741052,22.880182133930944,4.913445273653264,5.082762867856561,29.516285105240385,0
39.08037662845951,22.048046800526627,0.5345873067529782,6.616282438605219,2.3776646239723123,2.624109648810958,26.71893255287239,0
27.342565900930776,7.176727431589853,8.834876095528875,12.419832001676173,0.545353455036409,6.327986735162354,37.35265838007557,0
29.92723025878517,20.364246456935724,5.810740429122267,11.268078369236813,2.485741305882859,1.4226064007374644,28.721356779299718,0
0.09260679890202646,13.68155345942013,34.479519316419044,20.86043642099409,22.445339284677274,4.6927002162537645,3.7478445033336727,1
1.8702319371222496,0.6835011744956652,21.25893707420238,29.8807332893023,34.106497212148454,6.089018277935105,6.111081034793843,1
9.462971492587993,15.372886057245,3.51077963133838,14.61887167543727,8.93983095191755,2.11501456120618,45.979645630267626,0
40.22109609117006,2.9398837338291406,7.670285766398881,11.797538559809277,6.235743989011194,0.7016738964811224,30.43377796330031,0
2.5095476730192434,12.19712337719093,27.85927502925057,16.31546078311282,27.907635812729563,6.694594865185935,6.516362459510951,1
2.9475788556433176,10.063224856635856,19.8302427360023,24.68294635088843,12.871387362529706,22.03913280724564,7.565487031054752,1
21.91661724743086,14.514663815362555,2.7351095419743694,13.240089459584542,4.8634596947102775,7.856619620859486,34.87344062007791,0
2.915730511644271,13.12975986830119,26.690920454194274,19.947998520148285,18.11635929477567,12.99323103595486,6.206000314981457,1
28.65179487676428,10.820500109394784,8.560363205651358,15.054497984034168,2.569506303767562,2.7587410022763295,31.584596518111525,0
0.6485491797709722,6.853619441131477,12.807608539741608,23.382243361180944,32.31754929672691,21.840889489514545,2.1495406919335465,1
42.69539908515247,16.454938729803782,5.79128008889215,6.305801661394285,6.549842054244532,2.906262562739894,19.2964758177729,0
0.6498957828610745,16.637056811844143,17.543228420622576,10.19472510174483,31.573688955501105,18.34860641891806,5.0527985085082205,1
14.676147551038301,25.087929857430552,2.837953726488317,12.475490982106257,4.114254535298736,0.34707433027071566,40.461149017367134,0
34.07916789458233,18.912332324314217,4.471601981839541,14.251556110587932,3.1789559083029313,1.133792878599327,23.972592901773723,0
2.9056971104923686,0.3787882447054909,24.229164405633387,20.300322180966177,38.72364307521792,7.382082772987049,6.080302209997604,1
2.4888782792578166,6.8920139303563985,17.48133059418243,24.111905509493678,22.172230695311686,23.120457386681853,3.733183604716126,1
19.306727467485903,18.49156228482433,6.472287507605021,9.95070304074137,9.488150813958104,2.032316638712917,34.258252246672356,0
1.26259855349919,9.676633580654496,29.643282331876584,16.492101913524674,19.202540372909134,23.57654657766388,0.14629666987204185,1
27.257834598468822,7.172278868152025,13.758810450678574,4.721340126665129,4.125469917733401,4.073572048816404,38.890693989485634,0
0.3292582714991021,3.1962723734859178,29.56108398461596,20.38074344752978,24.12061022046395,21.836088517609628,0.5759431847956414,1
3.3869052710737404,1.1226115320317314,32.78392693545539,30.350865317498027,21.846411647677932,4.480092139502484,6.029187156760698,1
1.9477678885360006,3.2534783131495013,25.43874815428892,29.907669970747346,26.996791538958416,11.86091673526496,0.5946273990548667,1
3.2994878774267047,0.5789939466009218,15.95307904065993,19.34117625638301,43.4108597688834,10.034502521063441,7.381900588982584,1
1.2781105501851162,2.35313780303671,24.872335101992665,12.06899941509688,30.630300590455505,23.390470238254277,5.406646300978837,1
0.37179362708257807,34.629111416689256,3.7383214764848396,12.336030859820795,1.6199644203557098,0.8045829555220904,46.500195244044725,0
29.39333667555879,19.779660262931586,0.12844411149341317,10.462015038566602,4.1070881463036235,2.380377995553991,33.749077769592,0
2.980933578347251,10.2349095088875,19.567884966780035,15.586513025646173,25.815362698575655,22.824836369121986,2.9895598526413827,1
13.856246963347212,7.918219620524843,7.783535633411994,14.835684797941992,7.4422645418734445,0.8169070857356525,47.347141357164865,0
1.6737021623175963,7.97147652530355,12.62088570719993,25.75648146593455,21.897682476346077,15.723377884655276,14.356393778243023,1
3.4933669200491138,11.00171725088794,35.85780879961332,14.823178212200084,23.03627305032724,7.243030407457758,4.544625359464539,1
2.3266947520376906,10.918905665131478,24.2331235383601,10.515129425165052,24.30936142210882,19.14899500899842,8.547790188198437,1
14.676412907493605,28.150494703234358,7.437061646214735,11.915196867872933,5.942482551392836,4.952233141644232,26.926118182147313,0
0.7212523496359212,11.04421043258274,25.256913197403463,17.50588727435551,28.577415452368136,9.43921668601233,7.455104607641911,1
5.875477493083151,23.511303279885723,2.422305888098842,12.771690713904116,7.784040581246263,3.129183951331936,44.50599809244997,0
2.8557919253571726,4.769219566439737,11.936374826931756,25.88727368837485,33.241084524315326,20.560619096182524,0.7496363723986127,1
1.9553340796981857,0.17741626921622639,30.358178694766398,29.197159585251708,23.33201905073368,14.768863529919502,0.21102879041432782,1
21.357709017770013,22.45222266981293,7.2210816951189365,5.2798646828702696,5.473812130695698,2.1797678341744313,36.03554196955773,0
17.26253102929714,26.321792098005393,7.304528857980933,9.853122858888232,6.887412154571754,2.1694565160487227,30.201156485207818,0
23.547833522373356,25.28953557363697,2.0129120634317794,5.594345445543504,4.670723264310206,1.2067123145877399,37.677937816116454,0
1.7899040626890108,2.360694086679513,26.143193719846998,20.4067438835082,24.37330725431973,20.257556646641717,4.668600346314824,1
0.4454442233206476,14.160752324502365,9.723768295851063,27.171697387855602,20.82486097446067,19.07355229335363,8.599924500656009,1
24.68088264983733,27.590054241883553,7.734827396678674,3.68821725964169,2.070048497048797,0.06722323116957077,34.16874672374038,0
3.15489117802641,12.2519317007036,25.71593693429665,9.304874141719315,31.144279915147262,12.085654266984427,6.342431863122325,1
54.527852971407476,0.16523684156937127,2.0006530416377357,0.1813344348122275,2.314859958580346,5.824719517950724,34.98534323404213,0
29.894510048802935,3.400285494774392,8.297507210215809,8.487383541756522,4.747230109374949,1.610725120974043,43.56235847410133,0
0.39795670252121995,4.481246202533247,10.754789115594821,38.24309899571519,24.555726014641337,16.8919832144206,4.675199754573614,1
35.82573016005393,20.182654480625157,1.1360071444951216,3.9180332364907526,6.823695609921806,2.147414082544348,29.966465285868882,0
39.20152352444113,16.303080688636612,4.2378136091305665,0.5585885330298797,8.95534307851073,1.9764688084577078,28.76718175779339,0
24.33214202468865,25.621680546915606,8.259428115523232,6.345657998662733,7.981135523935203,0.33140590002494646,27.12854989024963,0
0.7449440455651397,12.76729512553946,15.810676213472338,9.950353745911345,30.099796139165147,19.394471642682372,11.232463087664206,1
13.447427712892646,8.606729108897298,8.686985197660038,17.482619890439413,7.290071042734277,1.30628130878036,43.17988573859598,0
21.113668019027795,14.669976774201743,0.49404709411802067,8.263973259682325,6.472677177144878,3.7257558599361307,45.25990181588911,0
35.44175147120746,3.8222244937848835,7.7785369147559456,8.912069200650459,8.030178410223153,1.1792063275044844,34.83603318187361,0
46.98720063656366,14.639452901925623,1.9005917507883114,1.6722186090034046,7.391686077678962,1.3900363159754334,26.01881370806459,0
2.5070537299500772,11.921085308175105,9.462600407281348,25.838816512461666,19.77783389452057,26.74077449791324,3.7518356496979997,1
2.2133049886647953,5.292751881197141,17.733291066848604,24.930565047198748,25.275510543065373,17.977405639041226,6.577170833984122,1
3.3096485812873104,3.1985984220625903,29.794980766887136,19.913184614300576,19.002899026297545,18.953582194461223,5.827106394703618,1
2.0200718313796266,11.903960596372523,27.53281544746559,23.028216843551068,30.39908755527153,4.679598124966441,0.4362496009932161,1
1.044946870170063,6.921055849325033,9.450584122846065,22.793557127064943,18.447879763733045,32.670683974309085,8.671292292551765,1
0.5316960949584452,3.385052982653658,20.810181266610947,20.527363688015974,30.735608013377064,16.79760904779708,7.212488906586842,1
23.800788508248523,24.253425954413597,5.366326329516003,8.901817647580465,6.08566138447881,0.7230959447255129,30.868884231037093,0
0.19373497506400328,13.018319375353398,10.875452106901816,24.733729447738302,36.52524092352305,14.256435447062769,0.3970877243566598,1
3.358925013249063,8.326851663081559,30.96839473918943,24.58972627948724,19.758662683683824,9.426959483344374,3.570480137964523,1
3.188227721099085,3.6440444560837366,12.115124688269622,18.792377769807853,27.834484991055763,22.35976383922913,12.065976534454819,1
0.0800982447558518,2.6985786488700576,30.995102402526964,10.368287939142874,19.654247025064034,28.3717482219388,7.831937517701427,1
1.6618632213347837,16.190896463695996,19.45937868613599,19.244916187521525,27.498210698921127,14.395263120911464,1.5494716214791024,1
2.330979723641407,2.75472768716104,27.081338324809007,26.641936880231086,34.06591096396577,3.660326614417709,3.46477980577398,1
34.032932541430974,4.331314892581966,0.7263294058790798,2.685152409329346,4.583717673785003,4.9590768089830615,48.681476268010556,0
2.2439285805660156,20.660881311475542,1.8985589486871617,19.276549641983777,9.144517528056813,2.020878069754912,44.754685919475776,0
42.66800066677703,9.962420671225011,11.19141166813702,0.7530690748828799,5.493148136017214,0.8095365697694703,29.122413213191372,0
0.6098440648273122,3.2459772712166957,26.44987481553511,32.61643066768825,20.755833604210682,13.449285246925132,2.8727543295968183,1
3.4413597190814778,2.8537571517568767,23.12073220460095,25.145699639614183,18.849843067270864,25.775850972266024,0.8127572454096029,1
1.5645815472796956,4.772368638755625,31.87185738704908,21.39995406481767,21.700098451824807,13.223306281838882,5.467833628434236,1
0.8686761713752406,8.03197081917985,25.309651460143527,23.635749782199866,33.67149174464853,4.714939853962684,3.767520168490289,1
1.8371080017333694,7.077885994313247,29.873535082147523,8.199803163202198,29.77059594466921,17.131978910761358,6.1090929031731065,1
1.9896119009555457,12.979157754516358,16.852153273644436,24.416133575072045,27.036393501576406,9.035463435942566,7.691086558292655,1
2.15701413187181,11.500610966424347,20.04763773887209,18.011520403806063,27.255219665028086,18.311759513003796,2.716237580993802,1
3.00236935391532,14.025567735404875,31.00533138219128,9.68287143838626,21.522763469731064,18.29925733735487,2.4618392830163347,1
34.36268634625256,5.829221943474428,8.086709653545803,15.07571878548108,8.313010012115903,1.7350842023433777,26.597569056786853,0
10.985513391859117,24.736325902853654,4.899931108578236,13.03233988625417,5.059863205487256,1.0422108741613507,40.24381563080622,0
0.7541915339127497,6.4108241974610385,30.144499048112504,7.771670764972131,34.68453792679983,12.860887871861262,7.373388656880489,1
11.060338575539229,18.247745922411475,3.870059988224664,14.424580159888562,1.1277010373558507,2.833936757721906,48.43563755885832,0
38.27494207513828,18.565018445448736,5.825281482741454,5.463521637855737,7.1307673337678175,4.3414392035848355,20.39902982146314,0
9.484779780306605,21.46587617347266,3.8613037434529116,0.7710997510562256,16.506576005350343,7.434479958901238,40.47588458746001,0
22.796623151573485,3.9808932073120937,9.612509542184828,18.154122196678284,3.2065568741210186,1.2610004991358983,40.9882945289944,0
26.75666249562954,8.459248618045395,4.649941475038292,19.325828913349653,11.006260617867845,0.2521704112973274,29.549887468771946,0
18.574961994004408,24.995218183687047,9.169540109873896,14.075130258720709,8.559273693037142,1.188143115308322,23.437732645368488,0
1.1292472507864433,5.5359453095010664,33.88926061530535,22.970940528329205,22.586217194186208,6.718773318312625,7.169615783579089,1
41.841998315524215,11.340469524177475,2.575865181416562,4.7664432196501405,3.895937857262271,2.2807478439853845,33.29853805798395,0
3.257173495414008,0.723706474816823,21.827572805538605,19.72161087630568,23.448349898954817,27.732845394147088,3.2887410548229785,1
3.6495113454766623,26.31008178451271,1.7570909725704063,16.162384768443136,6.746975482275354,0.7294998074505052,44.64445583927122,0
2.616345030465252,0.4117776453559789,15.222120216612462,18.07140650383877,32.89209920213402,20.425064829828244,10.361186571765275,1
0.046375454120422197,11.399203581090243,14.026369175300804,23.58144682354269,33.03122769520091,12.673267443179547,5.242109827565381,1
35.1381060074679,4.370233976883068,0.416029649182008,15.89193797637208,4.941037266825956,3.4103615189467718,35.832293604322224,0
33.71667207778169,20.337581979528206,6.316126365312473,8.28014461240981,4.331773299015628,4.647723244940311,22.36997842101188,0
22.500725421392094,2.9069838453389196,7.026490254172664,18.429551000644317,3.820317442161192,2.231018047443761,43.08491398884704,0
1.718034295617548,12.210779122494454,9.822545622970086,8.8867763729272,39.31839623062325,24.10494382696112,3.938524528406351,1
1.6251121098035095,12.750505069480333,14.470588637433671,21.204156439346132,27.031473504155517,20.4426887608954,2.4754754788854223,1
1.0246673547245821,7.938490528806518,10.994560366010916,14.811086935316709,33.490375966432914,27.17187121280612,4.568947635902239,1
35.70298519989215,14.34049720213528,1.7154122297232284,5.86192072621605,5.875142121890697,2.039029289341282,34.46501323080133,0
0.48909550171955546,20.48254924136641,4.808198986946325,24.898397569961634,10.978642989490284,3.5389199717549467,34.80419573876085,0
5.907643135498184,20.046357962882492,15.593654341119425,5.492855518147068,0.48518492908659644,5.707725724016596,46.76657838924965,0
3.474071523671513,13.283241655398193,19.417395408938738,19.37049351546721,17.346227033332898,16.77821491558239,10.33035594760908,1
2.165699368835985,8.743325064978503,25.61160509723292,20.352894716493257,26.545030667390684,4.825130863021833,11.756314222046802,1
31.401236914716517,1.5324004165901493,2.2419024774178844,6.46503319221941,11.44139785732621,6.309200627232308,40.60882851449751,0
2.273917758092876,5.719526839783662,25.105308427283703,21.47127074986343,24.830334260530687,17.476140492028044,3.1235014724176025,1
36.794476637476656,18.427147869666715,4.17247305206127,4.313802410996036,3.590775568652174,3.0287895142976087,29.672534946849527,0
1.1006952989728105,18.104326619382917,12.6543418420666,14.499300035178505,24.109496288520525,21.27745753951025,8.254382376368385,1
3.8413450233595414,13.339755952657113,11.189009894175332,27.330999853561465,2.928278533077743,2.7087402496806403,38.66187049348817,0
28.855129794769496,9.475927723202147,7.30016417201277,15.867130535515217,0.5680491172354597,1.7924501885785675,36.14114846868635,0
12.863553480760267,28.694180365730272,5.887608064720161,2.7436903761599254,3.590523152602812,6.1198625259335495,40.10058203409302,0
35.63033771956086,9.317541398706458,0.022590384753372494,8.101647525394469,3.622158895888953,3.8825996004971643,39.423124475198726,0
1.7652860517922606,7.871555375648677,11.22405889328402,19.90342190103458,37.005947113626966,11.648199527283605,10.581531137329904,1
10.000742760470061,18.09956773571202,7.351710577267566,23.13250913683957,2.151388944769484,0.3231024894475724,38.94097835549373,0
1.2985970533237106,1.2318423252891793,14.874818175755053,14.298832354006388,38.80177658805993,27.966074020263225,1.5280594833025118,1
2.594924221888506,8.527273766898112,11.384228821997274,25.649479312410506,24.296098620420953,19.798210986576002,7.749784269808652,1
25.55782887181471,15.91421741138567,7.413263685298031,11.839003475007072,0.4203566811494268,3.977251312239506,34.87807856310559,0
3.140762449733331,10.128231570771193,14.941020608810652,23.00296523639272,36.24961585904243,11.85551873941415,0.6818855358355392,1
3.3749315702172313,4.288492438605848,28.9725391195032,7.693290369283977,30.933264576897223,17.464242182038333,7.273239743454182,1
36.59180852425841,16.5471273681984,7.3753137751220805,8.22891629881035,6.131909616838836,3.5643226979274503,21.56060171884448,0
23.34659605800774,18.63058966686894,0.3360731361942713,6.729716468510588,5.366711285140453,4.139429554346919,41.45088383093109,0
0.8321884662237173,12.64153949632342,22.96425953729395,22.806683022260124,18.709906412312634,14.845064990385785,7.200358075200347,1
2.7508514961978343,8.133394820911642,15.393035678328188,23.153552083120175,26.484392819317577,16.30971908252201,7.775054019602573,1
9.87587385383967,22.42308293989724,7.481059939521788,11.590982135358395,5.714488160075581,1.4931827408378613,41.42133023046947,0
3.854504704836781,0.546499457439213,13.525262085167558,21.864701263892126,49.729859568604375,6.680195026189151,3.798977893870799,1
9.542527730161693,19.670206924897258,0.7716164301868357,12.14048206435043,6.554042898324851,3.454027059518939,47.867096892559985,0
2.904906576393333,2.1297679828506784,29.422473152367218,15.276270196994673,34.314198515878644,11.218980356118367,4.733403219397089,1
4.5789818968765905,6.730629347970567,23.01741797181943,17.798115431182314,24.036935465806753,22.434348821074394,1.403571065269935,1
3.932546258309264,4.344268554385701,23.126176125701406,31.384686736520873,27.248667779307073,8.738685106728534,1.224969439047132,1
2.893580048895337,3.8136548142064615,25.710768403400436,10.36665080203011,31.911547873246544,23.262844123986852,2.0409539342342686,1
40.26643028534498,19.57576711562645,1.4740006758632407,6.987410350923984,0.10050523151479272,3.087047485575082,28.508838855151463,0
21.298605170651374,21.572038169692963,7.283474987292918,12.884267061193889,5.2351526260799295,3.2462103658444335,28.480251619244505,0
32.33454818834655,17.61020922293203,3.6571169896175446,11.229698121606637,0.5552706843844388,2.8944524420098623,31.718704351102943,0
1.2256987404157769,1.6509405069050715,24.799058781102094,14.48659864269142,43.76525039413089,6.88123837252321,7.191214562231524,1
2.930345725214613,6.902464341501048,27.20537320595208,8.779222664654638,37.99454848846638,7.43348887991577,8.754556694295493,1
1.6235437421390893,21.421275360827124,4.393223295062224,5.421218462939784,6.783058471637092,4.730302259592716,55.62737840780196,0
2.2673040786776815,12.196521561506241,29.863965672547437,16.40007790183342,23.66915065128415,9.366874293127134,6.236105841023922,1
12.848397533433872,10.77949858145691,11.285505968919853,5.0944061343493905,3.830008341891897,0.07798330013128629,56.08420013981679,0
26.121889795449636,22.645008107722166,1.1626623889878982,3.86110256173935,1.5675640190693203,0.9695391491057501,43.672233977925885,0
3.6624151657145103,10.001042289554327,18.17273954511108,11.732156222750575,41.971666330709354,6.076419434012501,8.383561012147657,1
16.24508187089737,18.33352900016453,1.8205983452045198,14.678381837372184,7.102001528601555,3.785655981045191,38.034751436714664,0
0.9354413206671972,7.5033311440865695,32.42005413002776,15.763129877719942,19.57854141952394,18.597856227537548,5.201645880437035,1
1.3550802274303673,11.28886741496365,16.645095391999558,17.734487604545095,29.968648301665535,17.78798841063879,5.219832648757019,1
38.21138018792119,21.084305516600768,8.610785213203348,1.7513055924232996,5.100781204712428,2.1446948577393035,23.096747427399656,0
1.6171582591516465,8.195461875432647,25.79702687229647,8.441730736313076,29.047638926584323,19.657635320398576,7.243348009823269,1
5.790006730038522,13.039042400161932,3.4429227005241843,17.492015502032814,9.540122186991766,1.0735265222212482,49.62236395802953,0
3.90210912518981,29.326096855112365,6.734602765004418,1.4042785243682459,9.269885678313834,0.962349824904832,48.4006772271065,0
24.43789836595291,17.935025838884496,6.500951520014764,17.55486326702038,2.1668598748079737,0.2810659307663463,31.123335202553143,0
1.8606160709863102,3.7558399865658294,14.540090751680419,15.966004457612867,35.224776924661285,22.71205935076267,5.940612457730621,1
3.919283912952988,2.6737704575298515,14.94616997253263,21.25526433400473,28.916184501544556,24.076281638074175,4.2130451833610625,1
0.5925713457102746,0.7026358374276185,24.295935994490318,22.3085152449921,24.212910674082476,20.350668998684455,7.536761904612776,1
34.101802386862865,23.03928504705822,0.0279855604099713,0.6736914891973864,6.47258111212078,0.7301344706932258,34.95451993365756,0
0.9325436167210253,2.639929109088009,21.556850286400422,26.837783103270574,28.28793659756219,12.907379623746307,6.837577663211471,1
1.7083112769352438,0.2650565387497303,10.476110621071797,28.774281995721125,31.88700894451425,21.948753378227774,4.940477244780075,1
40.363236454166746,9.202461456558625,6.522863656416778,8.954155493633213,1.2441265976887323,0.021648428155524264,33.69150791338038,0
29.699554236903786,12.011114779061348,5.526781128770073,13.66795056556711,5.802988143984781,2.823989572251,30.4676215734619,0
3.223573196490763,4.608185759142734,14.756142649808593,17.14046967028805,20.164823381873777,38.951474925721236,1.155330416674842,1
2.6829204140982883,3.0899951793193945,12.373023660596969,26.935693677635292,33.44974638071148,16.388973314910384,5.079647372728189,1
2.780240119230575,8.9302345180215,19.33063004060494,14.088227049297034,25.413523445446152,21.176656258565682,8.280488568834116,1
2.58201916954733,11.411292532352265,14.554860271030476,9.596880192183725,42.44052367349255,8.135447391570107,11.278976769823545,1
6.698423770840398,29.481072881179067,3.8705705322807398,10.0062513717639,4.045678284207188,4.093213271137497,41.804789888591216,0
2.861243213306946,13.73695824082678,24.953524516019147,16.024224783829165,31.33910360607096,10.373208702418017,0.7117369375289927,1
3.673523788889683,7.069312001383015,14.34558532896722,28.93701504062879,31.130780181008838,11.826703879915826,3.017079779206625,1
25.49407041858617,15.15452504075358,2.9362824502465226,15.666520152027886,4.121179324548949,3.5828759808038493,33.044546633033036,0
0.6661841686953827,3.8082685181032674,13.764516136050661,29.74455875466943,23.99301230900192,15.344111215504375,12.679348897974958,1
2.624902461153762,10.024999456014976,14.659486954906795,22.368780390062344,26.423423542403697,20.429397532464296,3.469009662994142,1
2.0900258850911406,6.916024554448903,21.70619101853394,18.155734888383403,26.839260519113523,19.199983318620866,5.092779815808222,1
39.48398171379977,13.676772027151715,4.201508954350898,1.0242956615241237,9.46270877456597,2.9833634827834783,29.16736938582405,0
20.850316493138262,18.9316463284772,5.2014146293288235,4.442523036758734,7.242995489189205,1.631193625243374,41.6999103978644,0
6.204847470620711,3.7771753390156975,4.640943664897692,38.56527314728469,1.1826456864860235,1.2206703941375066,44.40844429755767,0
0.09031827210113101,4.296942228026435,16.60120941285743,21.836054988141367,23.793324490948844,23.451589823450366,9.930560784474423,1
15.584962861827911,24.492066514125355,3.601144465785347,4.162731970867644,7.337654129147254,0.4318677548793778,44.38957230336711,0
22.8547813177269,16.939131982751647,4.313269387485265,14.95097211282386,8.769241537929547,3.633313287286925,28.539290373995858,0
23.669760850178694,21.361744151979764,1.122381316659316,17.270172150439596,4.784162985846637,0.5154843685501145,31.276294176345885,0
0.31205288557233685,1.4880143543254711,23.938317900811636,25.864276065416604,32.95920219129508,10.066702129514372,5.371434473064504,1
2.1637560871952704,6.633756197795024,28.58351307197141,25.73948442704157,18.931148226676896,12.757344208626739,5.190997780693092,1
28.9415418001649,20.6915786103269,2.0807092590187026,11.730832922388277,3.350134123112372,2.320878814792252,30.884324470196606,0
2.842376002889344,13.40216730642418,6.106849829299405,20.690221134342433,6.130353536612434,4.187262757331989,46.6407694331002,0
1.2647102974501607,4.302486815004589,24.04127505416878,19.38261521770913,21.72917195599975,21.313650826321446,7.966089833346151,1
31.14153032570873,8.532364217929313,4.725896371563043,21.265255776323738,1.8710396288938673,2.8746630363949595,29.589250643186354,0
12.71445020946674,23.967705203579868,8.258837674062772,5.630429224974934,0.3482188757245819,1.7587226840073893,47.32163612818372,0
1.6188276747282195,3.754375034390793,22.98692620988551,22.988390244570873,24.314109802289718,15.217193936978266,9.120177097156624,1
39.92880693426366,22.658409325137583,5.754309340199894,9.112366334769455,2.1256724315851185,1.5995497242597883,18.820885909784497,0
27.36228539265419,11.463330711080832,6.808240069307502,11.903786621202133,1.4877019229415307,1.983134733195387,38.99152054961842,0
38.58217777713643,15.37469897191234,3.7046741026568983,14.844659037897495,6.287518956081457,2.0231764486953665,19.183094705620015,0
1.3638595584701523,14.741822883095567,33.722127761964735,23.25439957635839,19.747476707811526,6.210740980540844,0.9595725317587825,1
3.01459898184936,2.80741825954786,19.6642657373238,11.406243262631666,19.271622102548907,33.15906899055291,10.67678266554549,1
1.9996059238455925,13.702306104562187,15.737985901327454,11.744619539378744,44.94532346857623,8.930048158045931,2.9401109042638685,1
1.152070530520544,7.138901954576054,36.75801919587562,15.406056702730094,33.2321346519556,6.109520629505007,0.20329633483707482,1
0.5637969190548408,0.7506551129078937,24.634850723412384,11.525476355553682,33.653081497779446,23.72391084689178,5.148228544399985,1
30.299405322620586,2.0029223608818416,5.4295474964331705,18.76205862209219,10.423711271205791,4.943400688921772,28.13895423784466,0
1.7954177904900301,2.9054819034362485,24.165840014411117,16.442122472904313,29.351592333501692,24.469935215377006,0.869610269879585,1
2.1457776326926807,10.683728618192719,9.330297348004137,20.781100956343884,23.73488649015633,22.942292556471504,10.381916398138756,1
0.0047219773339796595,1.657961989164878,29.448344926636587,27.28050684411717,25.501129873179316,13.024998989300036,3.0823354002680254,1
1.3213046518917406,6.798500204789058,21.10030146458041,13.716276360850749,30.353314150028393,18.27189920908787,8.438403958771788,1
3.215119627637126,7.3099893411853785,25.63947501787839,19.83895926038124,23.182098886361928,17.71567614531337,3.098681721242573,1
0.8505312177035546,10.57979268503546,21.95446887903448,7.471858840636542,28.07289060351708,22.876221444408408,8.194236329664468,1
3.056458896975068,14.234496224223584,14.929829499686043,1.0788107520529988,7.997006511639921,1.162675862676912,57.54072225274548,0
31.547155539860032,16.987951117646585,10.778579721270736,1.0490570192041377,6.83245922530003,4.665489968912687,28.1393074078058,0
1.8380936884439374,13.095153145162575,30.664055510151577,25.574832399667507,16.417577911817354,12.012929987694925,0.3973573570621179,1
3.894453693760914,24.57453720098685,10.422570616218236,9.911121121360907,4.939063818246813,3.503125092697923,42.75512845672837,0
1.345134463098276,8.742415066912223,25.643970677730017,17.24837432869203,24.524868194830468,14.176339626408124,8.31889764232886,1
28.812934403104286,17.883263667462455,1.548984587076138,11.775001786395842,4.209579399220623,1.3257316036265954,34.444504553114065,0
39.933743117889016,9.212660499362801,11.102289717174518,0.7742395298235115,4.586495161388663,3.9982359366139746,30.3923360377475,0
8.692404196270264,30.257607987454332,0.4896415398791475,13.873978047297793,5.827306585003289,4.083422950090755,36.77563869400443,0
30.540567113944682,19.52968013308839,6.084519488931074,0.932856011986185,2.7796856054261165,2.540014697126272,37.592676949497275,0
1.8109796413442445,13.01328953686067,18.84166727562054,28.92913904739549,16.18912160871194,16.82751278782538,4.388290102241737,1
2.6317150732352084,10.09786683759121,27.544602214863634,22.923231860598083,22.338478276555783,10.566287967826945,3.897817769329133,1
19.25074144100123,18.238508964884947,5.33051754575977,14.471422427818487,0.6813654288290218,3.6319597102490246,38.39548448145752,0
8.055210124390982,2.1568010969180276,3.3612970745346096,22.236809888202735,1.5876079252864221,2.9347891972391413,59.66748469342807,0
1.6463098110022314,5.246802301795763,13.650753582474737,20.18445621314826,29.211788863112343,23.049455431623993,7.010433796842682,1
15.607291787857335,4.033027446166227,4.206121215809436,13.892773106903569,11.207316183660122,2.5001178224191754,48.55335243718414,0
1.8129227375635677,8.52690371875191,22.75598000055731,12.804666548473605,30.924305443445565,22.348140585526334,0.8270809656817207,1
1.6922327926138854,2.0648586090994634,25.430887989001928,11.585407892720637,30.442119422431542,24.59159647930435,4.1928968148282,1
0.8284091038047867,13.321259293225978,12.699175893326583,17.797988691571582,27.070476129363318,19.315088853616494,8.967602035091256,1
1.8614703949453866,13.031772847753793,7.097324582191487,25.388254207977628,31.49878833141463,11.521172800699812,9.601216835017258,1
1.299574586629867,7.999515518922279,36.38118031180701,13.829697733942048,25.947031362857327,14.224143240960146,0.31885724488132844,1
27.32047231173939,6.461353271810902,7.334126250963713,20.040248223325747,4.2758834693723395,3.919216358081528,30.64870011470638,0
28.450898545657587,7.130059692374681,6.003169036234797,11.025286507746014,1.5086413471611377,0.9277234614051925,44.95422140942058,0
2.3059660082802735,5.098494107600828,9.92900543352771,24.156888985269738,35.73641039940058,14.151184683415877,8.622050382504998,1
2.2306278395304755,13.051710745290428,16.343574633840877,15.88474042659026,35.34827758302785,11.286040660513876,5.8550281112062255,1
18.48304504090291,21.53862906178666,10.63593429120905,4.178453221947653,6.44786406247342,3.8868518567317585,34.82922246494854,0
3.6759121610401264,13.12576716538271,24.82830554029016,13.094773932833922,18.488916077846763,16.634661268915032,10.151663853691293,1
1.0405553354616592,3.491129368666087,32.86200377899426,13.202258061513955,20.118855185878292,25.622890661448416,3.662307608037333,1
25.42261096699442,27.326081816110857,0.7039643728826612,4.414061400271783,4.931067283672729,1.0154942735641805,36.18671988650335,0
0.6110616809217952,9.488310844692037,33.553386755192676,12.89363427061924,16.523902003868297,21.738654001783022,5.191050442922923,1
30.149353940834562,1.5397618768813568,4.902817003758484,6.524682529891162,8.721334365263614,3.1841052870722453,44.97794499629857,0
15.87819043123585,12.268330275157522,6.851318111003374,9.058828310905978,5.091559366128939,2.8311054590923512,48.02066804647598,0
35.07089045483027,23.434205620175412,4.120031337831386,11.515822691868532,2.3163372048777284,0.30034438798656815,23.2423683024301,0
3.1764060155494476,11.963364761433928,15.530513124199615,26.48425945709435,26.63026337651931,15.591749740493736,0.6234435247096145,1
12.010786075516844,9.413422445816161,3.7895218783340527,21.609683792935936,5.476946584732506,1.681803772379977,46.01783545028453,0
2.8262541352541577,17.375204898971063,18.369651995328525,10.750716936618081,31.602791132932623,8.889853076745315,10.185527824150233,1
2.846967311672301,5.125251529160995,26.88949011563292,15.173968533795227,22.26308552798187,23.71845212553567,3.982784856221012,1
44.75508682070432,5.860244491844773,6.949724345087442,8.648160973167968,4.47351738188579,3.765431239760418,25.547834747549285,0
2.261872742035124,11.504474231161963,25.08783780993947,9.58238069117435,39.61407401882864,9.25867525547938,2.6906852513810793,1
1.0583377466519504,1.4214570924223158,32.29564617613556,10.832241594641454,31.607595356347,21.57313595300854,1.211586080793168,1
3.880097256477893,14.942804579960804,21.753796410838635,9.159608369757779,28.558093378491833,18.677515596210288,3.02808440826277,1
13.851902267573637,13.102355570279217,4.621706598097797,20.272569566563313,2.180509518170377,2.210715271552053,43.760241207763606,0
4.839601382672079,22.54666552015891,7.630838155647117,12.251980802086722,8.445621119044858,0.6125955332663119,43.672697487124005,0
1.9411786509388678,7.451484723703247,20.730602630817565,23.587402505803784,21.660820629060552,17.484893411819257,7.14361744785673,1
0.8435353279218145,9.037445439924266,23.062590388678412,11.219574249208586,29.55588166309769,24.882755041826073,1.3982178893431634,1
3.082976114514127,2.3661188144748113,30.1287779968825,14.594688383238793,29.683350380115055,11.183123413312956,8.960964897461745,1
33.23240500732881,12.217701809503511,6.484577325910762,8.118014291424934,6.582802986847976,0.9587161867765395,32.40578239220746,0
25.92317344913171,9.515083291008125,3.2492790194710257,11.434908400021307,10.268499569277784,5.278704712552811,34.330351558537245,0
4.125049326927321,6.4930486093991835,7.492667539631008,6.6764909722620045,9.103432211250842,7.845406372686002,58.26390496784364,0
21.51270019472145,27.632635125216147,3.2569011138782598,7.931388363403823,7.330633859670374,4.708588330762281,27.627153012347673,0
40.63056943416788,22.022414692402577,1.2309176387941119,1.8205362181923856,6.505800252635383,4.950432679261197,22.839329084546463,0
1.708259535298821,32.05078363159384,6.541793850330245,12.482143538856082,9.610579436723715,5.057153600878409,32.54928640631889,0
1.3811073355423287,9.608135039140123,17.647509099945232,26.94699934245185,24.65391702529946,14.722403183102491,5.0399289745185305,1
12.968212309795446,3.9889160441634317,7.630953281969975,6.444829256081891,0.4232131854679207,0.2142812374270968,68.32959468509424,0
2.4678084983669164,7.33855074611474,27.567325454257745,13.94923854238453,30.96897420926881,9.096042804107938,8.612059745499316,1
9.523484532770443,2.774918283044042,12.291688464134825,17.507331987263015,1.6227206196800292,3.7379849254352644,52.54187118767236,0
7.619321901839779,13.862415030971023,6.023842877113709,8.633267713922157,4.9259228792026235,1.5566104357810655,57.37861916116963,0
2.514648569380079,7.760491410877549,13.102156405080262,24.34663724497179,20.738772021174242,29.74915048099392,1.7881438675221764,1
2.896358483188587,8.492437133197795,33.587466622803205,11.289428975300565,24.032983098292,16.613919011511825,3.0874066757060166,1
47.16829162308132,6.704397097812816,1.7154809402172555,4.069041382632349,3.8375352888822745,2.921144301909891,33.58410936546407,0
1.6036838522003067,11.016065095600586,19.535232438406407,23.960234320536415,18.21284699501636,20.55438142892584,5.117555869314093,1
0.9983769379835903,2.0439419013099918,22.958875558651673,7.919234693560906,37.06770608945417,20.966342363215333,8.045522455824349,1
3.482696001501125,8.115617690372257,27.780519884110035,10.67636577172952,24.26637160664722,14.206086190110442,11.472342855529408,1
17.315688272870233,0.0264347203817785,1.5680315584892628,23.887887455147798,7.050968321870776,3.011860865078518,47.13912880616163,0
1.3054994374062454,8.922625496020846,27.97376617442819,19.198248524297064,21.418292211980383,20.941830274570822,0.23973788129644158,1
4.734562873079833,11.172953880444565,17.189707413390583,10.507903088954697,34.66774373522624,10.517894067190056,11.209234941714032,1
2.9623221074711514,8.766225351951306,12.84468255391882,15.091765343655617,31.317117214792,22.102689750370953,6.915197677840139,1
1.2056605389332353,11.144176662550667,14.829317975048713,14.479698751771306,37.11460832821926,13.14219242691407,8.084345316562755,1
11.39608503174598,18.875706334112007,1.4768934173815527,16.00706928690566,0.8731822588997051,3.4737033845895002,47.89736028636559,0
2.2997816055193367,3.355035653453573,16.311830795213115,30.045663908819975,36.36785821954486,10.054254975616086,1.565574841833043,1
37.342283880456435,17.316102215125362,0.7035275564394087,12.9424528641776,1.3391633768132305,3.577876309925144,26.778593797062815,0
0.44369317100385874,10.527846635485055,10.778480570333164,22.557622557612635,21.889229336532214,23.791152128429886,10.011975600603202,1
2.217323104979256,3.0423255045763566,18.869326606775473,21.54791370960994,28.27497858529658,17.741451842653472,8.306680646108921,1
24.003795653324023,23.4334673743434,5.097400299456881,0.011391530323554864,4.683212169685066,5.606756380319895,37.16397659254718,0
35.446092932998404,10.89266326697535,2.708866617847762,11.750722101980411,1.576354523098978,4.657575018071465,32.96772553902764,0
0.08662391908532019,7.409695560684633,28.21136423890135,13.335073729068018,16.425767309062252,25.463506652363204,9.067968590835209,1
2.793345128234658,5.44018479557864,24.72512775869558,11.159390417286124,38.56213765531807,9.707304539267676,7.612509705619232,1
3.644378606720637,15.265641493648788,22.900894197912663,9.097951229048869,22.2618311719739,26.06943202374754,0.7598712769476056,1
3.165772743683818,3.074606727023707,24.620598203979863,10.083163396832973,20.131338033866523,28.431330562713725,10.493190331899399,1
17.18077091434839,24.50793857416367,8.335853504429979,8.01955202750367,3.0559536505084766,2.7130679533524162,36.186863375693406,0
4.061611258158655,8.37492711035642,14.440309079876169,26.75475030729835,24.320762703526576,8.631834943590528,13.415804597193285,1
1.295824633190787,4.822318449574537,24.84711432113942,25.017718378851267,28.347082973769673,7.576954581453698,8.092986662020616,1
0.9279456623128259,11.288554273281983,11.825286661373724,13.821948059858785,37.03209936652571,20.764008484514793,4.340157492132167,1
0.7254757839789271,20.58176333838632,8.412055042797027,9.871572917833328,2.5795023263693473,4.057262720504857,53.772367870130196,0
1.0805648069500806,6.993729316620592,26.069441140034655,12.524470917861702,24.651214536279465,19.69066822803938,8.989911054214119,1
40.981271479540816,2.8552556172967702,8.317545282235443,0.7993966733403638,4.404670458406764,4.247211707237982,38.39464878194186,0
1.6618449094528445,1.4874441957978057,10.666149776102053,18.02770098815597,31.82581948419668,26.387405002297648,9.943635643996995,1
1.8309960804125909,14.030030364656266,12.11576865577009,27.031761047429008,31.512623118605436,9.284924771335248,4.193895961791344,1
14.501461997195777,15.083505145602713,7.651848064079174,7.6501460287357785,8.078014054333844,0.9993126739002764,46.03571203615244,0
43.85789322880838,15.61998042887206,2.6273879529644297,5.269396036310932,5.117130069116184,4.414568463960611,23.0936438199674,0
3.2352007202996433,10.760796954218748,19.387048987643137,29.176726107316536,24.4070727753879,4.146258912842398,8.886895542291644,1
0.034185463215150605,11.1113655449158,24.65615668537822,23.15647014484026,28.457093488695982,9.94028892429815,2.6444397486564424,1
36.58843363434282,12.204426196609816,6.9944123049705516,5.0165911075558745,7.906582576566942,0.41459177505272476,30.874962404901257,0
4.1516212553127,6.267885582355688,14.202718595478988,28.08240266475513,1.2134695208739465,5.8876529574870125,40.19424942373654,0
1.182338555367484,12.908108751045452,21.146894045516596,21.126595084058792,20.186502229077465,23.091382039092874,0.35817929584131936,1
39.68051369294837,13.663944406393194,6.308260555061206,9.548578262949068,7.324923178523607,3.7638007962333644,19.709979107891176,0
25.286004031603454,21.613275981281063,4.164664805960476,9.586748563030408,4.457759995862573,0.4577188389741715,34.43382778328786,0
25.195637801834696,4.6361755381026954,3.0478594705115873,13.52450382880877,2.327219440248809,1.1740742020306947,50.094529718462745,0
44.564376580275955,14.907209731156149,4.733353278853252,9.6927801293606,3.625344227585924,3.503521744264299,18.973414308503816,0
1.9765497854184009,12.014883780254165,30.79783040366874,13.754772335748013,20.432360744877204,14.734191043529885,6.289411906503601,1
0.5380641385877695,0.03448327848979409,25.57945191469021,23.740811861513855,21.92156196130936,17.931594874689786,10.254031970719227,1
19.742392137665973,25.37138063927995,0.511616898734172,14.775411309011607,2.738509137614175,3.8280313128697756,33.03265856482435,0
1.1134072043198147,10.28638341180972,14.872606179757636,27.62386239456453,18.462695093056087,18.935853082300643,8.705192634191565,1
1.015300185165768,5.030011544929688,26.961102871355187,17.154546847023767,26.464369221479366,20.259959363705583,3.1147099663406315,1
34.956653995276255,16.780369690481567,6.614077497902658,2.6880279190658416,0.1924417649004304,1.504091579901581,37.26433755247165,0
5.236835061789548,17.733336975411877,9.439705594014622,0.4689386522688163,0.9455709818180849,3.2851732155834217,62.89043951911363,0
1.7996443702166047,4.292207279202236,20.62806316923523,24.102571721213163,31.42440856603404,10.581079544554482,7.1720253495442465,1
4.519961164578939,8.016754146944423,17.002675249256004,28.57868047343709,24.42789494566546,9.966260505391283,7.487773514726806,1
1.9014034425640167,11.366404987401948,12.643540892413558,10.201979219479927,37.20921878419589,24.717321109958135,1.9601315639865362,1
3.117611123613707,12.742950889371313,23.22057398950682,13.211632079460617,38.44681448584575,8.761134282395032,0.49928314980677646,1
3.3913512672800334,13.688898077361038,19.107347222864732,12.312344614792769,25.96869042724947,23.863513223948758,1.667855166503204,1
0.08151482376815296,21.277747138171353,11.060947179650737,20.113084392674537,5.042442751285089,5.342450810057894,37.08181290439222,0
1.52593276907916,7.704079118343768,16.73005034341151,12.735755935060583,30.70638927313248,28.44251534699093,2.155277213981563,1
0.5678894467028822,0.8587820947893988,21.857257409234414,18.94179595750427,35.738230347432435,19.337483528447457,2.6985612158891343,1
0.6887478650152432,4.095852113667613,30.785853952467228,24.51373921556725,17.14768589038905,16.1207971706525,6.647323792241131,1
2.354457637905845,10.339803412454675,23.282208738653804,17.850205966510863,20.150532632867566,18.936129463724633,7.086662147882611,1
2.0300469962310386,0.17852171895916086,13.223672446367015,13.224571938389861,38.27559276369226,26.173067640571773,6.894526495788909,1
3.6345036231948646,4.966847284237961,28.179041672896112,24.962805342158497,21.69414987153023,15.900743330607709,0.6619088753746359,1
43.85484992753929,3.3385320910153298,0.8344148823385019,1.1302101847125972,6.887653911635164,5.064868933910249,38.88947006884886,0
17.69595526667733,28.67261294802693,8.809465385475301,1.5540544504172935,0.034912487352537956,3.7466721747803216,39.48632728727029,0
3.133340074816627,4.08963265402642,25.78938941067784,11.798921725279767,24.432303989803874,23.40729982711241,7.349112318283072,1
28.88685081309612,26.949825233401732,4.125308021500713,4.067636365113744,1.008873701402885,3.9264906484247306,31.035015217060092,0
25.50896248126805,18.886731967168632,6.6489167313744515,7.969129984450498,8.211771439718952,2.973934374458267,29.800553021561132,0
28.05655841882982,28.921045212756624,3.0394483990573318,4.020605881855931,0.327902067128074,1.127574313274327,34.50686570709788,0
1.5391360123695688,8.648894440586288,27.72668256377169,10.797600135181176,15.597496940215635,25.40779627238469,10.282393635490962,1
30.55748158526304,8.867069993653859,7.293852934037466,12.31104431545362,4.304007891051159,2.077559113576927,34.58898416696394,0
39.27409038247435,11.566859048986739,5.434903285582257,17.90439640461409,3.472919725020308,4.162683929617462,18.184147223704812,0
27.489979870637725,0.6820791260146238,10.584656942161615,9.51700462850093,9.988335620243298,0.09699915683077562,41.64094465561102,0
30.74043547589529,20.088947098880546,6.732221924466883,5.38970473987895,0.10600527682079106,2.1960012136528153,34.746684270404714,0
30.64200915097846,5.284913036473362,4.566883492721581,16.43886929997303,0.7807225717989411,3.528148698573434,38.75845374948119,0
0.6641042265482603,11.617316659187253,26.128198502977686,28.948459968789365,17.57910629675091,12.247103081286777,2.8157112644597615,1
3.1070685597974195,0.8719005060349415,14.802349754253733,30.407851771541345,38.89924780079522,11.480183649409446,0.43139795816788207,1
3.128498541443523,30.081812978816973,1.3574737174757232,11.930233334792199,10.043774888455065,2.8957240264092774,40.562482512607225,0
3.585966621133612,6.508269707147016,17.812764661053546,9.174494917477668,24.42899095049543,35.382399138195424,3.107114004497282,1
2.5333032790943584,8.248821520882881,13.068887898429063,25.06651150277991,26.419927241857984,19.21541459200266,5.447133964953145,1
21.48532564357259,19.06165931694403,5.151183840185534,13.680337778570781,4.724328331070895,3.4116437506197377,32.48552133903643,0
38.49227981674769,14.255728142995064,3.6705071983578654,13.053438948466153,6.878583346569774,3.933837941634455,19.71562460522901,0
31.018738471510936,3.50471907698032,9.236263093780286,0.8551965472846793,6.005680588466077,1.7800741263646849,47.59932809561301,0
0.6565681128000307,7.952847125971428,22.98443679120945,18.21702156603994,35.96911050893613,14.17998430283215,0.04003159221085713,1
9.008938833018634,9.368655163781419,2.498515220112199,22.01025545773936,10.264177468277333,5.134343540235509,41.715114316835546,0
2.2318923267312636,11.155245965598219,14.980093868747474,12.213261013941738,18.59183300754122,30.240345262673074,10.587328554767028,1
29.599517192818244,0.49486927882903115,6.275976230678937,2.474390159279808,4.361446082191126,3.5044268964821463,53.289374159720715,0
2.085253215331406,7.606129428454358,16.71039137632791,23.836416645499202,27.584089294633827,16.711120394764485,5.466599644988808,1
2.230903984285167,11.01833200862,21.90183019211755,7.678268086589213,27.31810020432298,23.237599693875577,6.614965830189504,1
0.24765342004134244,10.75540204909711,10.02658800031077,26.7156542108766,26.321733064608914,25.648614493264738,0.28435476180051017,1
2.0093358979223606,1.1294167833729643,31.417276298489067,29.65433591772127,24.452574866108094,4.097076822989089,7.239983413397161,1
28.090814911797256,20.24953292534053,4.428473585874693,12.725626298087247,1.9495251628500312,0.6345220991907047,31.92150501685954,0
3.734302156699201,11.900283341077976,23.179713995421515,26.15560976247368,17.23039020246182,6.776956302282021,11.022744239583785,1
4.631942010263924,26.219287260470576,5.04056229748627,14.771176273030266,1.619035494793922,1.1848640275980422,46.53313263635699,0
7.9974700063856,14.669935403086992,9.99816817374401,24.19485523106644,8.634585338395146,5.492877118833615,29.01210872848819,0
0.8188571327801233,11.709003477334008,18.727303330973697,19.987664255183425,30.602227611398813,12.233292345321496,5.921651847008437,1
2.714385183955361,13.062375661406605,17.363096752527955,7.206602446169684,33.7019813370899,17.518564492771333,8.43299412607916,1
0.3892122398236539,13.465821454500862,11.310643869562513,18.504836823519174,35.62632171206726,12.273421320678384,8.429742579848165,1
2.1706407300615496,7.991700014939415,10.503726381016993,11.650322795421227,30.184744412965074,28.728743158504084,8.770122507091664,1
33.00249925593184,16.872078156003475,1.1832657807563625,4.501993872095614,6.6284923737929,0.5318645452496755,37.279806016170134,0
31.052936487061046,10.847437220813278,2.562484104696341,2.0707067125284038,9.667478812845605,4.420271801912983,39.37868486014236,0
3.50126316904606,18.225421301092908,17.347925766975948,10.754521837002702,23.96504755423301,14.479605985246046,11.726214386403324,1
28.891962073387067,6.135373688412579,9.528444579238256,3.6233268012106787,5.416584910291233,1.4555806141376433,44.948727333322545,0
28.529978580845576,1.357259752333704,4.438727347605216,0.6845030695581,4.37295358017409,3.386349936047889,57.230227733435434,0
1.63674908003711,9.40540654490941,23.798923819801523,19.832143802371892,23.80657160353423,16.862025704241827,4.658179445104023,1
35.30074006154395,19.417649915484343,6.199917954195644,8.738355238935354,7.042264205152176,1.4768366470283745,21.824235977660162,0
11.819910321260906,17.829052545952482,6.063164041280163,3.0257709428380952,7.515764772796761,4.806864444421473,48.939472931450126,0
2.548948775492146,4.057257119917669,26.359628484708253,21.925497067703795,22.203818210567537,19.804443285268334,3.100407056342257,1
16.291926952939637,26.82144345470997,7.466406673053454,7.100329166140046,7.88973337952469,1.3322608762298003,33.0978994974024,0
34.81486407907538,6.851871777309861,2.7915830184301598,11.895669129636657,7.204987202255715,1.1979957363663232,35.2430290569259,0
36.61509679029968,17.24785998814124,4.948357640408899,11.071684027758936,2.075393367203078,1.55995220030646,26.481655985881698,0
2.1964575434251494,11.171308092793247,16.470199648607945,16.112982420911802,26.953617996647722,20.645201264118732,6.450233033495417,1
14.199751727775038,4.522617423498298,4.4647477962605855,22.3481056902052,6.231239604775563,2.492458884445646,45.74107887303966,0
3.092042205477462,10.656717563820305,18.14281961662504,21.16579236311435,21.70525470290186,21.203192399081125,4.034181148979861,1
1.5969550061176327,0.8635223383658885,29.04596667682578,16.394080362206388,30.651542495947844,20.63405639565799,0.8138767248784681,1
27.964850119215047,20.755787097392204,6.110179252414339,5.120702400581675,4.271081769177743,0.8137659830105934,34.96363337820841,0
2.658607412220319,6.643782115613658,32.90343789322068,20.185688350693436,20.42126346422732,12.845657386344811,4.341563377679761,1
2.3469994741092086,4.0894076036669,29.607150646803117,22.10716162686248,16.30883812469416,19.258043624728998,6.282398899135131,1
3.5127963046360544,8.19007621826653,11.759509181626717,19.234861285604516,21.475557182180445,24.176884265110786,11.650315562574947,1
25.76998193944593,16.93031441749154,4.780317609857942,8.046541774789532,6.489123781272064,0.8620554212989765,37.12166505584402,0
0.2985590507081132,10.064958135296731,28.107894178285616,23.433004478868238,12.984395090084819,22.140935243883924,2.970253822872571,1
1.9969910948597254,0.5105102659976221,24.41365872154758,22.971844763045393,24.653839736919487,16.79084672783687,8.662308689793322,1
1.8841329696654334,8.303856552929055,16.830217272830076,14.05570192886207,28.713608501517207,24.14607362765858,6.066409146537574,1
31.86224807623525,14.564656125085365,6.296813966356102,8.287701353139116,3.6950567604263047,1.1556764042996948,34.13784731445816,0
25.17001118535786,4.516019748625301,6.941896607964532,18.25174041636623,2.310209022232622,5.729571691439658,37.080551328013804,0
0.24133216647169517,1.7016763668709813,19.297001809234647,30.256385942259794,39.37697325515985,5.335966559540665,3.7906639004623788,1
17.98664746779918,17.681011864068356,4.7768663966347225,15.037785664813367,4.83667085251978,3.670857711821344,36.01016004234324,0
34.768104424529014,15.165581806996538,1.2703009419098565,9.481895111274214,2.2693572221276317,0.05073473639374814,36.99402575676901,0
2.713173812292433,6.679955398895659,18.589657405703917,22.74631063399464,24.792604223686023,22.232498861137554,2.2457996642897724,1
1.851230789639453,8.932864873376301,24.3562272817142,17.95052994241794,28.34040093515022,14.232205069576912,4.3365411081249565,1
15.349340494189953,26.01066928988609,1.6478480228663495,21.515035556812926,0.28230826945961474,3.3572147895660702,31.837583577218986,0
27.2674447387351,17.21511604952107,1.5167146737391626,14.412064381541482,6.0059673959771285,1.9942487256309382,31.58844403485513,0
0.13402116170950004,11.399774368261541,8.702731203952125,21.192699921437132,36.030607116500995,16.69863588618527,5.841530341953447,1
21.46863494321774,17.639725175400283,2.581575214682886,6.032165064503041,0.14137759879740192,4.625997579574583,47.510524423824066,0
2.67738736171011,8.86395558752644,25.620231935432123,20.230733688767877,26.71293626542542,12.232534140251547,3.662221020886473,1
9.211232362505257,9.415698109970021,6.296437218877729,0.3224371923955277,9.526914455336621,4.852232319423424,60.37504834149142,0
47.82183731868893,26.402944597186845,1.3795175225497198,0.13413619862539994,1.2341443705908788,3.127850072463599,19.899569919894624,0
3.1544538558958335,3.332077481871404,23.474021116210363,19.27732081974696,31.066332126412487,11.569902811904267,8.125891787958668,1
37.840039780649036,26.759871658261392,3.3478951471671037,3.940806890428672,3.5949012008226755,2.3555419696130184,22.160943353058084,0
14.397171378652699,15.935564567675877,10.125808953830182,3.1332800564591547,9.1424294420448,3.8724085812958284,43.393337020041464,0
2.5240633831654806,9.170296627244914,28.807971490957947,7.658779870125001,15.345025166529119,26.676076290787943,9.81778717118961,1
0.6702787556436081,8.390720443571887,18.08293821912488,23.600225022613984,30.27254594645453,16.30651985738393,2.6767717552072146,1
2.672776098008036,2.835190471668057,31.19722718471894,12.240884473218431,32.00394104913873,13.384514545029225,5.665466178218584,1
41.396354602660665,13.814004938852614,2.263928304278156,0.24379682459343474,8.984742365409518,1.9088569834405564,31.388315980765054,0
2.119347928192488,1.2650025326086958,23.927527339390505,13.14906891227468,33.68427740269942,21.68226458932331,4.172511295510911,1
1.5260160157274116,2.180196181177691,20.529961990157343,19.56757667412574,20.151389166975772,28.60505314216757,7.43980682966847,1
47.54755504524744,9.147861095175022,11.507715810529385,4.093642057831161,0.33434996937219436,1.3844671856325497,25.984408836212246,0
0.30020778598803544,8.789607398508908,25.06090961490556,8.042390303197134,30.719121064833576,20.787023069437033,6.300740763129742,1
0.023193443528406254,6.720176689852842,34.287452329928634,15.891524318229374,36.11827785482826,6.15795634797437,0.8014190156581076,1
0.4599155682882901,5.506958607630597,13.670075918669603,21.501855056528182,9.554097340998755,6.821251522738238,42.485845985146334,0
7.815516332345604,12.46118254365567,8.600139383258828,19.079040839779307,9.948691753104784,6.00998505028827,36.08544409756753,0
11.594458447611084,32.68566544091445,0.560979900206548,7.64943729687473,7.729247680151589,5.2563685229096695,34.523842711331945,0
18.9491915918332,16.231511613772152,7.811299285083768,7.0270715316669214,6.212564040291549,2.525464884944618,41.2428970524078,0
41.275658572012595,13.359972364216825,4.083982923783547,6.502486055229702,8.890995576072234,3.1737346555471495,22.713169853137934,0
3.9184869542096776,2.0092243717110274,26.735244767662035,12.463829609921559,45.29342487555123,8.375382391174819,1.20440702976965,1
21.63363323299263,21.095225623040367,7.3793090727476685,2.087037742679478,5.4660077681297965,1.5857380403075063,40.75304852010255,0
25.832699979439006,18.218865698946328,6.2594023562940775,16.002020191423316,0.7240456059562345,1.1852699342074546,31.777696233733582,0
1.6805408869988416,6.107549055044143,9.435064063517332,26.022385793384274,31.301017719038104,21.670316026891843,3.7831264551254615,1
2.6144646959163333,11.806477757556364,14.081608679753844,24.88542469111885,26.205195813100957,19.70146335355203,0.7053650090016269,1
2.7151240984966827,7.45211774721122,14.384515192721572,9.431472158813916,34.406910093611444,23.75932860755495,7.850532101590213,1
19.103186304031983,14.828781496693116,3.8309084765537476,23.506492596420877,8.233122902007684,4.59465601079111,25.902852213501475,0
1.4047142077693984,6.188358763571307,20.484970484343318,17.309035406163524,28.048449935859065,20.409993073567605,6.154478128725774,1
1.7169596443692374,6.3086013238099214,19.31348404037376,31.587254155795563,26.561271468925035,11.717145739051633,2.7952836276748414,1
38.5675704617163,8.721075483415191,4.259671051707257,8.829545328094454,7.080044432424448,2.7752624703022093,29.766830772340136,0
33.68739793253158,29.201301102089,5.315360910205031,2.1288378585649563,4.530239260742759,0.8628079675593286,24.274054968307343,0
5.186457453212009,11.466760107130577,4.795751414164659,16.33025940163183,6.00535607485148,7.643051134329724,48.57236441467972,0
2.9910242511733633,9.602980422904233,34.646326704180794,13.67492390863786,19.910048246351796,8.778793634389368,10.395902832362596,1
2.3644313892042206,10.834586083225464,22.00517454741852,20.926742091512715,21.901794334486233,15.898056848777752,6.069214705375094,1
8.112652271395246,3.6684458046408177,5.012911357440711,23.704790418012518,13.528090692160472,1.6569696024499776,44.31613985390026,0
42.76755462487689,5.143915194714019,2.897571487941599,8.348897962741157,4.713866239318646,2.4966518501505215,33.63154264025718,0
17.599250630230735,17.65534690657135,7.46172905870099,18.729409126339352,3.216540524624498,3.3699161613007913,31.96780759223229,0
6.358673091735245,2.046661497629537,13.431233938145795,10.738007720111712,5.780725020149554,3.8356226715471555,57.809076060680994,0
32.9260606267995,25.733930689004875,1.3776281718232848,8.087050883343592,5.838284417522645,3.2585471697216524,22.778498041784438,0
3.5132051625660807,6.310183439389004,6.521671516727723,10.98325486680281,11.047774230561691,4.466725869475541,57.157184914477156,0
2.418327631458219,30.742781589052154,0.45707313976949576,5.630320543478014,3.6747771282128285,4.666986258064269,52.40973370996501,0
21.488786724198018,24.834552156953098,5.9421726900952,17.16370761983844,3.041125786608174,1.2461797230193858,26.28347529928768,0
2.5367834033364787,10.005940238117711,27.038922719337112,18.454125494699262,31.8412117174039,6.020089280633005,4.102927146472528,1
0.20592202634115725,10.197533475803526,25.1841699098024,13.37129814791693,34.041555834282555,6.655046949835146,10.344473656018264,1
9.545141990854129,26.00989520110813,8.138534475135298,23.570069958079632,1.6227855560899123,3.7808223899351887,27.33275042879771,0
24.430279206764556,11.768171202754589,11.184356865503077,7.209615529197036,7.693205673932309,1.7208250916531251,35.9935464301953,0
32.387926084030845,6.391830241585442,2.096114278809416,13.808255050969615,3.404366601696661,3.9803110928930274,37.93119665001499,0
40.67373083759121,5.944402942263199,6.602225162420599,3.1048448035212286,6.522178428326489,2.449592749769757,34.7030250761075,0
0.02275179159257375,4.695010817592069,2.653425177220158,9.953991536668436,12.432356139331171,3.2880122074451985,66.95445233015039,0
14.473723216768905,13.91083773031897,8.741664939875395,5.964816884438886,8.485659990158172,2.1580925011277547,46.26520473731191,0
3.109004057325728,5.07843687829708,13.223392386240654,12.97739847919879,40.697782853505544,21.452092702365363,3.4618926430668453,1
20.307045163539367,0.9958611392082083,7.130724111939914,19.767800583072415,9.284376314377978,1.5906364554010948,40.92355623246103,0
1.3635340243248912,17.759312323232866,14.149614599629015,12.656476458607155,34.80548854936085,15.012387272076028,4.2531867727692,1
3.131510990248171,12.688316290725105,22.48885239878138,25.365013239687613,20.921469414616787,4.637442019772873,10.767395646168074,1
7.266721455973078,13.911645932397487,3.7749614457680103,16.61713697946897,3.7315185192560363,4.261568728359489,50.436446938776925,0
22.88620944693593,10.316754019582342,8.68987132962245,17.23565337224969,2.630396681695136,4.255359196526927,33.98575595338754,0
0.8959451721683973,3.751827011886879,30.955684587997297,20.23818671916829,26.185131789962433,12.135250825286754,5.837973893529952,1
1.7142521079231559,11.210765357864174,19.67886085590543,12.234902013684778,28.903804830195224,24.160205628753783,2.097209205673452,1
45.654732052666134,9.930764773528372,2.2359493036843126,6.891818279412133,8.953764692056774,3.4857511171655267,22.847219781486743,0
1.3148668016421725,3.6202832863902286,36.3438201718775,12.589886757229213,32.811164117268206,4.733735026592615,8.586243839000067,1
2.5620940935782133,15.493746166652905,8.409174110660352,32.287648343226216,29.654733212243816,7.631825379275342,3.960778694363154,1
0.24090721090644843,2.3549540073491597,27.55653510856291,20.895469081873006,37.85295594521468,9.700333634356806,1.3988450117369826,1
44.48136229163329,0.8659035002952457,0.8369037072275267,0.3209770434334519,11.179056788277256,5.674045463083157,36.641751206050074,0
2.7357979765137324,30.424141614550344,5.303167229210321,9.159433818133644,1.113885284316889,4.14632279819481,47.11725127908026,0
24.616957621383044,14.557989069679747,4.646997695758789,9.694308057185857,4.750791728090674,4.083895560957038,37.64906026694484,0
3.3378675848891612,9.36164453104597,25.112645599994615,15.93511818292276,22.258301375366752,8.360829989773192,15.63359273600754,1
35.52516057747563,21.954796012308474,6.397946909415773,0.0594904261913627,4.510963201497231,2.950246164153383,28.601396708958156,0
0.08064562840336631,11.210406379635678,29.740049177888977,25.724337196482054,22.359013996583858,9.338561969161951,1.5469856518441134,1
2.5347457605462433,10.860533765171185,22.021949868589026,11.736619655070804,18.948798986474653,27.83181408977549,6.0655378743725885,1
1.9703864862510518,11.627155855901599,26.102199005839005,12.67684842760789,28.84399884542966,13.487180488433903,5.292230890536902,1
1.928092967586406,18.68337432926346,1.9189005724906592,3.6248431983013267,7.397348475643832,1.4281740758276067,65.0192663808867,0
3.360543185935542,1.8924726126297338,36.29631699379684,14.46765216515864,28.15158119113312,13.4980136744457,2.333420176900421,1
2.2139311338744636,10.027419872612922,26.384799087535043,32.948727428571964,22.41634850488813,5.760870069892095,0.24790390262536896,1
1.1986568125554062,5.222585487285184,27.21961227817952,25.0495544708692,24.928547237984137,8.247925140900547,8.13311857222601,1
19.942133191878856,0.6962244989597556,6.872866053879075,19.439961651060926,7.7223860721253565,4.821347809805712,40.505080722290316,0
1.3166814846670147,13.718892587679859,24.55901966814316,18.574739986475414,22.07696325736747,9.770528455758248,9.983174559908836,1
46.8220115420588,4.537575464644037,7.133339703087435,2.629848342411961,4.5470226845405834,4.507537550041906,29.82266471321528,0
2.4482539739472733,8.23540276670748,19.535886816818838,20.781001562313698,21.662804624698122,22.42686324604824,4.909787009466356,1
24.768670720220502,23.07289781959481,6.646626074899709,13.766214822629607,1.2101020003258218,4.710892092165679,25.82459647016388,0
35.03524282232593,22.755682273609434,2.7089905171826203,10.51780389723928,3.7571385879759083,0.10006467720351493,25.125077224463315,0
2.8878415090391276,11.723913877419106,30.037838724415817,15.335388731116845,20.723452826752787,15.009262831943646,4.282301499312684,1
2.2332080092661735,0.8324385274622987,23.074394898409302,26.98025889931116,30.859722667928757,8.290776186402454,7.729200811219856,1
0.43143295608316323,7.129727663744766,20.77020471631966,11.485803363182917,30.281097506495474,18.063613374127872,11.83812042004615,1
3.410493991940608,10.310476171143106,9.99851577928437,25.92225441912453,31.67790585756876,18.092759949386274,0.58759383155236,1
2.7832873638945275,4.171116316381647,30.308550970609964,14.278688158353644,24.50773783125726,21.016843287420755,2.933776072082198,1
2.125172433248367,0.4043836940230423,22.527637421643487,17.347579991893074,21.47385940605322,23.165832453041777,12.955534600097035,1
0.52739537257287,10.30318171525035,25.96087673114777,17.578198059184366,19.653252846509243,23.135180784973024,2.8419144903623974,1
1.6780902562090416,2.693356248387436,25.935722538097334,24.18914600402707,19.007559325194183,20.419062510781306,6.077063117303642,1
47.75008189090289,6.850912758695449,4.992612666942957,2.9543971348046667,1.0425686493754391,2.6647156318044845,33.74471126747412,0
1.2689050684759193,3.6783785505807054,34.17240043527421,16.95192662849648,23.641779398091174,9.309695414619574,10.97691450446194,1
36.53788668962545,1.7993949229705333,6.381778806951215,6.505793574059397,6.6092467287445045,2.6866903746369593,39.479208903011944,0
17.805942306241608,21.212095439080194,2.3317399023683736,19.392378068803225,1.2389094637301246,3.956095004490339,34.06283981528614,0
6.0455730461010795,34.735820304484484,5.272126222713811,3.1352529232869415,13.399055175230105,0.09992278155146603,37.31224954663212,0
0.44410841319011884,13.4751899653231,22.124601229036067,14.32393142758171,41.269325646238556,4.519358084073953,3.8434852345564963,1
4.097654531270136,0.831518116298389,20.35904503571565,15.006968364748422,37.08604613330064,10.001377682077383,12.617390136589387,1
2.3127416329940944,13.48244836657021,0.14996507061166847,23.554158993380423,2.0576641037783965,4.9057185354926665,53.53730329717254,0
3.024581996918869,25.259757604394906,2.155333947830222,13.287874505692557,9.072897316842557,5.082206614463712,42.11734801385717,0
11.538221645826694,19.570609057322642,3.843941547285433,16.86927082922125,4.995223288420936,3.6209234967543793,39.56181013516866,0
0.5936915446906762,4.792427823090019,30.642791097147835,10.821253795382432,22.621630140741416,27.088830652081803,3.439374946865824,1
29.183376343554436,19.550163945650816,6.8945363315767585,10.586524687264225,5.90660389107907,1.1372239952783711,26.741570805596314,0
1.7217995550899294,16.03127612319606,21.222705605657502,14.59684789148695,23.74387751222311,13.053372657312885,9.63012065503355,1
2.4468829628581346,18.3279011105461,7.194828921376699,29.748591115879265,2.487561729997236,5.1370831059227715,34.65715105341979,0
3.369914010083609,9.00401930862616,18.71383718044447,9.560255687077241,41.809651885371316,10.830685452167053,6.711636476230133,1
2.6898409678693604,8.847332737421217,13.78516246017806,23.666209311788915,25.392999352768637,18.04884261800697,7.569612551966827,1
1.6309960079896584,3.526040863642125,9.60527476774196,14.167238868022602,32.18429129124645,32.985103163268825,5.901055038088381,1
2.402223321066085,0.6502494484974578,21.13530890988527,12.282390325598454,36.45900419034671,23.546057083304337,3.5247667213016887,1
0.15641823957358925,12.240713320671261,29.278515366586777,10.878467334812042,22.796011105840947,14.340119021796728,10.309755610718655,1
0.4530909082998964,10.200131672337994,14.710472900637555,18.51789222911574,28.333691073071204,22.18062217447752,5.604099042060088,1
20.481058833234567,12.520284798566239,9.116764203152597,14.570465577107687,8.723509659854846,0.583223131154618,34.00469379692945,0
3.1419422035376106,5.3656776978488985,27.15661782966753,25.254526650924312,23.42861130001458,11.244436910888247,4.408187407118811,1
31.95192750328267,12.979876753420067,8.459103081570442,4.283148302430765,2.6011223858901755,1.5628067694549268,38.16201520395096,0
1.2490094183595792,13.59386815778428,17.910198976168836,14.650021527731194,25.591558367809004,23.51339219594265,3.491951356204469,1
37.42447665617948,18.391801932800885,2.3062024255652807,2.3876134590333304,1.0706448741950663,3.3861683682301296,35.033092283995835,0
3.4133923425245754,13.078929117369897,18.433398299160128,26.11992477435606,18.639320099103593,19.34919985711985,0.9658355103659064,1
3.6783352223464507,7.643153139800734,17.231142763345776,20.36590219164358,40.63852035655985,10.250800003290207,0.1921463230134126,1
1.3687861190403499,3.8036883293102757,19.928638748176663,18.714616965623122,26.22032534533425,25.164715556304053,4.7992289362112865,1
28.407876525313615,15.008050381321434,5.8127043545486865,13.42196444977651,5.88867750670952,1.6117379080901661,29.848988874240067,0
4.351018419154315,9.707768950603699,27.927280832239155,12.010105350364524,22.522308528147065,10.296494527715904,13.185023391775339,1
0.06542718028328758,13.568481524232261,14.59262481462196,17.983398273550602,27.382583495569,18.57585476027618,7.831629951466712,1
41.57709400574412,11.76498835030394,3.293934762022227,5.687113650906831,3.101757042529923,3.4012277224493577,31.173884466043596,0
33.40014700990758,7.9616359294588115,6.753665202062551,24.15684913812226,1.5207258081097326,0.5891474124730216,25.617829499866033,0
1.3399244331333966,13.706678033638218,19.31148720258007,20.638066575258364,31.83913368214217,11.397536885668334,1.7671731875794416,1
1.903071263794358,6.926763385143389,11.003364173823277,32.16110943997477,27.96420901345683,16.71233978271004,3.3291429410973503,1
0.2630010936035357,0.08368630946379924,27.00980949462462,27.379632972508013,23.77995885275513,19.004698585779074,2.479212691265836,1
18.649326762684247,15.796474874210645,7.126335849115161,16.515618678878354,0.4254159543399325,1.9339286337544213,39.552899247017244,0
0.7653807363706318,4.564460920093221,22.057767206593716,19.504452281913533,25.472138932289432,14.818585157491206,12.817214765248261,1
32.29754055500699,8.602721374382801,1.547017282564829,16.120106476632348,2.362034091018243,2.394145772948893,36.67643444744591,0
3.307581428337688,17.25384295377587,20.245938371629414,12.033193034343686,32.46108070036143,11.742089588244632,2.95627392330729,1
0.767151549112477,12.851054052250294,12.824800413551227,26.26201577896841,25.637800710477528,18.91702809208515,2.7401494035549168,1
4.39674947413364,1.8844038215435386,22.027109144432146,16.860972478666298,27.614741704565088,24.986311910059875,2.2297114665994098,1
20.83661928178426,20.93162036350476,7.335931698598902,13.151749807116683,5.360535934796505,2.2191371605965413,30.164405753602352,0
0.0637966364772454,11.487211425881368,6.773822428258196,14.310956563315136,5.489659390604456,5.4029727863366235,56.47158076912697,0
2.6958454329534556,0.5102458787542565,29.72818388778758,14.236867847873905,34.505728034286264,11.911585222257528,6.411543696087008,1
2.641960833275728,1.7268471085636319,22.2839578179924,32.60168409742526,29.59922557917337,4.276010564402586,6.870313999167041,1
18.391667329647913,27.35686991747975,1.631427422913869,15.81187459926501,3.062435332770877,2.3315732311397603,31.414152166782817,0
0.9698660204641589,12.423685839895384,13.573539509443936,20.93839349957648,29.64219805355186,20.36535351006876,2.086963566999417,1
33.8690045414304,0.4677218511424213,1.5047136702339707,7.823726745205879,8.298003924676618,0.5533645729799704,47.48346469433074,0
1.3895620177571835,7.6823957152830555,12.806165823814961,18.976087516637264,28.065554270861288,21.7003379531564,9.379896702489864,1
41.605989821540774,17.888386621710044,1.4734728178929581,13.776533015483757,0.8183118562249964,0.794633411156232,23.642672455991242,0
2.177126355119725,4.008017354214922,14.145788021026446,27.5352284830088,30.421169595573588,13.246649023642892,8.466021167413617,1
9.238735587665408,26.39285121736286,8.139255015479801,9.991836927731477,3.0340400844734168,0.13485785101538394,43.068423316271655,0
28.665318099961652,7.587858494818876,0.9785695578776229,19.24879387444342,5.3088885881621595,2.8675006897811537,35.34307069495511,0
4.367213766365483,15.089765666547695,20.964507525607363,13.685021616430394,40.65767153168663,5.201058393173133,0.0347615001893002,1
4.117530063710541,9.956366795713397,11.94641034689571,26.36097204660091,25.78019078832636,10.758082117365898,11.080447841387189,1
40.2628109715724,22.480216583866174,2.539770293315419,8.358685127161838,3.144690083930598,3.661859000498141,19.551967939655437,0
2.8949678622190955,10.143836750893506,19.086100979465286,25.23994794072259,26.55262416803761,6.668841805404351,9.413680493257557,1
3.6346816282553123,3.4793323580486786,23.038249147802983,23.507116986130224,27.33632068767725,14.155941474774819,4.848357717310732,1
16.672244572691124,10.57627863866008,2.035454597006315,8.7699690899493,5.282304324545679,3.738410189524725,52.925338587622775,0
33.08702162823073,4.961030673024217,6.624617001899076,10.065734039794881,1.502073749572839,3.247021998266212,40.512500909212044,0
2.471255176647776,2.8644867364069793,27.563057119209166,9.937890148360381,28.630105875203316,18.547491931921613,9.985713012250773,1
0.9040041718384642,7.0948979259223375,21.27817471157749,23.651169093655774,32.832932108943574,10.690957764787937,3.5478642232744426,1
2.3448706201394685,0.8079082235474736,24.056439692270455,22.717775031593867,28.312687919664942,13.509452981791048,8.250865530992742,1
3.133498237692758,1.8284409205518735,10.161199592534299,16.55774726384938,31.32494954599696,28.413023831503242,8.58114060787149,1
2.4977282155179403,3.0886434957131104,19.60019443118856,26.342810240650934,23.498930385952683,18.636351953804294,6.335341277172468,1
4.299156686428261,1.1172959829613982,23.107389883720828,23.389271978793992,24.835424751037163,17.816132205413293,5.4353285116450465,1
45.410795666818366,5.483653766225992,8.914614992496842,3.804713808466981,5.094172735517672,2.1628065512849313,29.12924247918921,0
2.366796850389063,5.338808952444699,21.47454117905617,18.42938189564805,28.54466807129052,19.557251960060203,4.288551091111303,1
3.9830436903814985,19.59803285258685,13.113764447696695,11.574438279321065,21.975268331113725,19.396459895431367,10.358992503468782,1
5.171891650389931,0.2838240479092686,27.07394925988551,14.293045639986218,26.167348514643358,24.19424276266179,2.815698124523914,1
4.229510423496068,27.23437331801665,12.2702549666977,1.5468738724220161,13.011181719944334,7.680263533868746,34.02754216555448,0
2.54105760356518,5.296976634734559,24.615756633851706,17.879361594656903,18.476008058315596,23.721220110126133,7.469619364749937,1
31.193092677634077,15.283694144070518,8.112918586475255,7.586586925539966,6.979319012176035,0.5762595138430398,30.268129140261124,0
23.905623184686874,26.644598739786872,3.5127496664032596,9.964298878507552,8.50227903472506,1.998473189345876,25.471977306544503,0
26.709842935211974,20.757497077536915,6.901898712378542,15.298488462088732,7.649904624061822,0.42771555528055033,22.254652633441463,0
21.16819891649319,15.710455569358043,3.1864201726719417,14.427704662179163,6.0225005007841785,3.4371645121690824,36.04755566634441,0
33.41286755528834,1.9226076742356097,8.76371068403083,19.361759330686034,4.911650447023056,4.707360404181278,26.92004390455484,0
1.144676079177858,7.742693744672409,26.24470268824506,13.25856300136769,24.60138701189478,19.859856097013097,7.148121377629105,1
37.90861248148335,5.010206329739968,6.157037163300665,7.593776909796328,0.23458706943560473,2.138841743735635,40.956938302508455,0
0.5524086465592732,4.03919698432502,11.411179637718478,22.579885397083586,24.48787946437388,27.075794485542403,9.85365538439736,1
23.494820461978925,17.69042494460143,1.9299926524697408,16.01632944201112,7.398402837400689,4.2931185448195075,29.17691111671859,0
29.668412723999626,4.447127611183209,6.378828286355293,6.6010464445272214,6.343261971279166,0.9340171363682068,45.627305826287284,0
35.60289478259862,2.6569005326166106,2.5191458318426903,8.289934634294573,4.7040523937523755,2.7478423432749493,43.4792294816202,0
27.544626316516446,21.448492489052768,6.2151458076644275,1.4192738540781695,3.6357562610901013,1.896632500225412,37.84007277137268,0
2.0725881660540013,11.339176928914059,22.45769680417967,13.793795154338065,25.506204816234767,24.593340630190376,0.2371975000890476,1
1.6733017196586826,1.2564254067748686,16.93053299580085,19.941870894289774,32.3937544172247,19.055688590299035,8.748425975952081,1
28.760052956999544,23.60739745673901,5.821459862115243,8.28742231675632,3.330780397831755,3.1652702063506517,27.027616803207476,0
31.928715792033348,18.72113766713574,5.7616698374448285,6.230729020610416,7.407926951839981,1.824031935968947,28.125788794966734,0
30.135909989541847,23.857684996435353,2.15467807737345,5.362006876756345,8.548884837626442,4.621139082773128,25.31969613949343,0
0.6800874931448649,4.724718038443121,7.498147890886994,22.299400654310794,29.986223287567963,26.787016802458307,8.024405833187952,1
5.617702945922598,35.226660938379375,3.170523960769067,8.937421785753195,9.210591229227084,0.7815424781548045,37.05555666179387,0
22.515322025515335,20.639736274853657,6.93621714990814,14.389764625186396,4.680102834548339,2.7989074616911602,28.039949628296984,0
2.7277939519376737,3.3350813547102898,24.881158812669664,12.332457631532408,36.17023984991565,7.063416425813457,13.48985197342084,1
0.4861026382010078,3.7890491538405042,13.766042123574698,33.23511315724987,31.00801638156835,16.036268090553328,1.6794084550122441,1
0.6086982197017323,10.532221639263312,25.672058238780583,17.761034569005858,23.241719564476767,21.65400756434922,0.5302602044225139,1
0.17142088931082325,0.1498458188150096,18.52852830667145,22.795147648723862,35.21775097568618,13.388596424877544,9.748709935915114,1
0.031804250281032106,7.184408874845581,20.426649421510543,19.30216344871575,24.843364421799407,21.81118654598636,6.400423036861317,1
2.737890201422243,1.2569893227565128,17.8011256570472,23.898299856415154,32.70755394496714,14.49452439316293,7.103616624228818,1
44.74383473670397,8.061271608278927,5.937388624815815,1.0197942467031236,3.2452756158673037,3.5808223475876138,33.41161282004324,0
33.392871758908704,5.930644791088105,3.5974877870779935,0.6269671472770788,1.2012980487771339,4.006598560795982,51.244131906075005,0
21.354791189711158,15.157937812822356,0.13722999008212833,17.814645573994902,2.681593167102357,4.107542015687702,38.74626025059941,0
1.465357083465153,12.9266873833215,17.736327858097333,21.113423746588218,30.77864344974359,12.130240600198169,3.849319878586054,1
49.91076829561729,13.59618877865947,4.984939669128287,0.7973044583847854,3.1400974233509524,1.3717469887000444,26.198954386159162,0
25.558200481146898,11.418860539660292,1.5006605619480982,9.957776608751132,4.572602342246882,3.956901228586813,43.034998237659885,0
21.99670808376364,23.21472119299673,9.051769932395556,9.25924107629865,0.06611114864265928,2.8551856984699677,33.55626286743279,0
36.76149505747108,10.817199519859841,2.5521799361730593,7.17460926940956,5.2801440108798126,3.593833279179858,33.82053892702678,0
1.6118340829364006,7.137370314885135,22.254110719871004,26.137724222276514,21.33515622650422,19.34732694583165,2.17647748769507,1
39.7576106428384,14.766733163655028,2.2130792059204936,4.901287739839579,7.259469777748253,0.8816496627229433,30.220169807275298,0
29.260987422664225,17.819384205967175,0.018917533770181367,5.04739173396509,7.012049720963705,2.2107423813911073,38.63052700127853,0
2.093129889612405,5.45071928640015,25.953802874818756,13.4138738843782,35.74371470281555,13.540275706939859,3.8044836550350896,1
0.9163372258340347,10.864718942139316,18.085281381970884,22.00386518800024,24.178715198666172,15.86162237549783,8.089459687891534,1
6.711547259227619,19.507567316011016,3.662011956110872,18.216080307429408,6.3859147962673255,4.129598565891633,41.38727979906212,0
0.8633597494433961,13.558170562754471,32.112690557620525,8.41661673036821,29.67578238534812,4.134663917947221,11.238716096518049,1
0.3357392470662366,12.543632203451768,21.145272579239606,30.49937977357395,20.115580127609604,5.893837583973873,9.46655848508496,1
14.443509969272919,28.386378133124552,2.1018662251444655,14.246384921039471,4.877873517334641,4.897716215229409,31.046271018854533,0
24.388632340346998,19.799509165783974,2.735201276358262,9.725569931331144,5.267262468628918,6.382439745131638,31.701385072419068,0
11.50254049227229,24.849782086610382,3.932255194404693,11.780040382034848,5.190370690754045,0.2590528371497341,42.48595831677402,0
32.53609280536383,8.936592635417561,11.807797775003783,7.879811040302792,2.892596077622125,0.025234400233911058,35.92187526605599,0
31.1884184354689,5.718477590202388,12.180749616510337,6.7377030422338,3.6606577836083787,0.1212457581680659,40.392747773808125,0
1.2211280530524022,2.8013717653023584,28.728634611443187,14.905941375603094,20.947052673205672,20.163327684967808,11.232543836425474,1
1.704428690634146,8.765593355845718,10.786203288402932,19.996809495304387,23.040881280038015,24.849704379389124,10.856379510385679,1
21.93906914809939,23.250528361372513,6.3995911885580385,11.581727388258196,8.252593929269743,3.090154477573302,25.486335506868823,0
3.2744225104063704,14.33690086904493,18.44414752287435,12.620913689190951,28.685699224527628,17.81097292953313,4.826943254422651,1
22.104472688628327,13.738924530462318,7.281927614152778,16.31583472185744,6.718415725974522,1.4901547255010508,32.35026999342357,0
3.423584075107967,11.704066882623023,25.642332579441863,12.987619652324502,19.270332302359197,17.78557619019258,9.186488317950852,1
1.0432270095748652,1.6680962756297109,28.669155726324234,8.564181278254626,25.733815660901854,28.016531054933946,6.30499299438075,1
3.7133464107908036,5.550573875583192,9.967622163069322,22.989300128966793,33.48647667669777,14.760392466492455,9.532288278399676,1
5.184118918727453,3.311601478168059,11.624626107659786,34.354206885688974,26.376891080732197,11.16749029210123,7.98106523692228,1
0.18641109439911072,7.0016157664421295,27.462907571092256,8.488801637793896,35.330806302283534,10.004631121976205,11.524826506012872,1
2.763964682128365,2.089089222527946,18.237733230106258,29.24178567443293,22.204159586147906,18.89813145890738,6.565136145749218,1
23.309056189842416,23.0740176302285,6.741714529087776,0.25689216594461456,5.057848043405312,2.614028534420637,38.946442907070754,0
26.757760399039054,21.08076500873573,6.7162619520791305,16.909662340198626,6.182695749091726,0.009250888772363717,22.343603662083375,0
23.777918929524365,1.0549748743220893,3.9211264943184743,13.234794747277379,5.956194718432439,3.343157845981885,48.711832390143364,0
0.5430345390873323,3.1027176483392744,19.51446812819977,34.12162116740465,30.138560846501704,10.037884180722411,2.5417134897448603,1
0.44034844833087394,0.9371505835880579,27.563641645976457,25.211501475344043,21.173614664507337,17.53913063972212,7.134612542531123,1
28.336219017881913,16.304948192990416,5.500354753801827,11.833186228480127,0.389763300220585,3.096086484343287,34.53944202228185,0
28.732148737868958,2.3303345332683136,8.697858462353462,5.578288410721893,4.086570667617239,3.2734550259315793,47.30134416223855,0
0.18980828715533937,1.2621423535915914,31.211631964864385,23.631043263690902,22.554034072409404,18.926959257520508,2.2243808007678836,1
29.866132808771535,0.06614989134502786,0.8586327619528348,18.32758527546285,4.987796076911198,5.659201336825075,40.23450184873147,0
29.207188633630636,17.73110847652783,6.0963893376125196,9.575501420078334,3.1273856459996265,1.0666816640696013,33.19574482208145,0
1.4493212329749376,7.04180607734895,17.280961558013317,11.186622648801384,28.452771181523634,26.3537455916609,8.234771709676883,1
18.901319280638543,9.749463665995913,9.790729841823028,9.082388256524675,8.67107543990639,1.593235162104889,42.21178835300657,0
19.665467679515675,26.5066707865112,1.5996790281531794,1.6508719251756176,8.87667433938994,2.5782392865179893,39.122396954736395,0
15.46608235396634,30.336180725089807,7.229788254022246,14.34674798272668,0.8640000955449761,1.6052849531759659,30.15191563547399,0
2.3616597192279474,10.590774853050048,13.459200340070366,13.424504300997326,33.623604816276575,23.009159282713977,3.531096687663773,1
3.175984212985044,18.187643423163895,8.32510654288635,18.97085279131332,2.2647678714161024,1.140558189532721,47.935086968702585,0
2.900923571902153,7.778343353346536,17.493755427794326,22.71210277107929,30.33524045023568,17.57389001278027,1.205744412861734,1
28.548387215960652,3.7294396712881843,5.008747209767544,7.707968684069652,7.780535717313214,4.6180020465921325,42.60691945500862,0
1.3368068957016126,14.973583722558917,13.217673723650133,18.087728195816393,28.66880810226557,18.64903254264766,5.066366817359705,1
3.8478296246743913,9.350845610558475,25.077970523592676,15.413378909723349,37.73853622431362,7.759107223405818,0.8123318837316682,1
2.3966925338964185,4.293366562560838,24.886368608305716,16.459201977275782,37.32863476225428,6.866471030774523,7.769264524932429,1
2.814172434669878,7.539438963592718,31.94780139122907,22.45151038884748,17.497949488759545,14.398695861602834,3.3504314712984837,1
1.223057902842773,11.257557386262476,25.811062720723545,19.632731457537094,22.273830356417896,16.64616786755953,3.1555923086566766,1
1.9986014974530257,10.951112471101371,18.060677070657334,9.155018725741254,40.703415317208446,11.063143193191609,8.06803172464697,1
13.890260411246134,5.832055825771485,4.443505916111663,18.629314567037405,9.85264045178366,2.972787755659673,44.379435072389974,0
1.758741991314005,10.97035227114494,18.43054536371134,23.441052528494307,28.871358047004797,13.337391025208401,3.1905587731222083,1
2.776207981495998,10.135446851978113,15.649243249736056,18.754205418314267,33.3258971402604,15.957539203393637,3.401460154821525,1
19.151461830963974,21.09219896414618,8.132694747770532,14.364609996202729,7.485843647749521,0.11814734655086451,29.655043466616217,0
0.9140127114760142,6.832005034012075,19.608223017874753,22.30210264619448,25.338413011880256,22.53777172316963,2.4674718553927897,1
39.38123159769788,13.391358484324503,5.280445982830988,8.76267739955635,8.616157116614437,3.2441209744304746,21.324008444545367,0
39.93670375975272,12.090278051083061,7.8567507073258245,1.7082943283115195,2.857613756630215,3.0244445796275556,32.52591481726911,0
4.090486168877691,7.866345307319091,15.597862295199668,18.148752586542148,30.28170567047469,15.284508722456389,8.730339249130317,1
1.346703436858453,10.00668964237477,20.798322254813677,20.940546614093662,22.004035154056783,19.93638120713264,4.9673216906700155,1
2.4983221963623725,4.087523846071203,33.85048085029591,19.81941013128536,21.46320218400929,13.41714369636885,4.863917095607005,1
13.857205243471258,2.198629547464058,8.866963675511384,2.015500461897748,0.7932354290715449,1.5578613559190029,70.710604286665,0
1.6458794994108654,4.404359553734159,14.058890066309585,10.148471706378494,29.680942133523068,32.99428732496845,7.067169715675384,1
9.421854586479785,32.458870752607474,2.960179274228457,2.434504471155664,12.773411047119353,6.070109986980333,33.881069881428935,0
7.400292303970309,27.10449972264497,6.553829043245461,16.231950067331166,4.464270317474738,4.637200809860988,33.607957735472375,0
2.8522438439394646,12.671832431451843,28.015501272301947,20.32780266033406,26.92818485616149,6.549399636957263,2.655035298853929,1
15.514354058790683,11.15472438694654,6.867619794364624,0.49916711886748677,8.834805345426714,6.409734127621916,50.719595167982035,0
4.612405891005272,10.206127894687762,3.247705790390347,14.300204317116899,19.747620675754433,2.1524068570800226,45.733528573965266,0
7.612833356887284,18.50495067586064,9.62182519572054,15.673928827861175,5.330491143722945,1.8437762525200758,41.41219454742733,0
37.636295607986455,15.655833565657368,3.675742161255065,15.693852929661112,1.8560335316645933,1.2812805195206867,24.200961684254715,0
39.38584891477266,26.359045982266,6.200620950270917,3.5287556684677353,2.3432138669306264,2.1417458441907034,20.04076877310137,0
17.832252385514895,28.696674042107027,0.5905122336694322,8.628767750616216,2.930223136326777,2.9072856548088684,38.414284796956785,0
1.6725880017951753,13.41478508683577,31.656532438006437,8.261189267981129,15.393334616744198,20.31479480785633,9.286775780780959,1
2.761262753262239,10.509039096418562,22.82242108523686,7.782150831784011,26.46688061739752,21.549650487642737,8.108595128258072,1
14.994610334270236,14.965246595142156,3.0493393031934173,14.501626587812154,5.636892483740618,1.8819843982946303,44.970300297546785,0
0.7848152676475881,15.732477565562201,27.049912801527693,11.632106797578349,28.282079980265262,11.498124718367954,5.020482869050956,1
32.624787165103356,6.391539363628085,10.80326025234097,4.234635463453454,5.5808373679571055,4.789155963070535,35.57578442444648,0
2.4836238180636014,10.45557184858747,26.245532995806936,11.955098172328746,27.117234088203645,16.32489876739441,5.4180403096152165,1
2.333049290931171,6.068917105330125,20.45026385437771,21.426613447266906,23.178773324966237,21.960242468746237,4.582140508381601,1
44.84571509880093,5.569089186945963,3.671805545379973,5.54701046612895,5.145977960311306,1.160451423051926,34.05995031938095,0
15.496426233922147,25.538901341125086,0.8728674548997414,13.73049818204235,4.8595695594298185,2.0971051803776937,37.404632048203155,0
21.388076083410397,13.952023564515038,5.034334475735433,16.90948412874171,3.894882929224309,1.0162739221645407,37.804924896208576,0
1.7545354899791266,9.470495449532036,27.700519282798336,13.858735860712502,23.607263521078615,22.497726745511795,1.110723650387595,1
1.28685937139974,13.731897971390481,17.026261354587454,12.932139180674296,17.947896452874318,26.708325313736488,10.366620355337227,1
3.185210571499851,12.758067345646628,27.244003390811,22.770462872847304,16.76068634805933,11.098519199750493,6.1830502713853885,1
2.832415335104836,2.8006459891762163,27.389456496317493,18.15486685391832,25.56718852116323,20.87846521518653,2.376961589133379,1
34.07594575542786,4.126778574628174,3.021260098908347,0.39788618484493204,5.12886082964495,4.282127164160357,48.96714139238537,0
38.27591204303035,18.346539269795738,3.1932701650165223,7.457737753193021,7.394854217484066,4.450342457387806,20.881344094092505,0
38.487357807002034,21.678577336419263,8.015006552625588,1.7634429396881097,6.009162911049562,2.517416766391342,21.5290356868241,0
31.183652889925284,19.697214084337126,6.955617260799654,3.9800365555371564,7.0578035719535555,2.607211361595642,28.518464275851578,0
2.30419284191953,9.733085497261921,33.95660793886463,10.199523467986847,26.12882775486927,14.536845831149817,3.1409166679479807,1
3.2733550735168473,2.6473712059680494,33.12442196473004,17.124519766300622,22.509358515448074,13.046785890458453,8.274187583577906,1
42.837128031161456,7.464976348869856,5.726298347760519,12.838197916638208,5.214631345973726,4.336157442681126,21.582610566915115,0
0.6183311030205838,22.744747056100557,8.971493695428483,8.290248487360966,9.06206970899623,8.807503241649242,41.50560670744394,0
3.4631704384481563,5.0772902597225205,30.008458873681764,11.330593620304946,32.19507737290991,13.754707693870714,4.1707017410619835,1
1.755080640650505,9.71991486223891,18.482243020455062,17.60467545087362,27.96284333651431,23.94321632911831,0.5320263601492877,1
0.6173085806826639,7.354757042925186,25.7067478928987,15.146987063566462,23.320881202217834,27.18390472757799,0.6694134901311855,1
24.075592315155323,0.997220118505438,1.7914909781331583,1.042962056287429,7.687126540148288,6.0177168930937475,58.387891098676604,0
0.7547787361375111,33.5744632194123,3.53585331909472,16.504450477974192,3.868049902961164,5.599577122385037,36.16282722203508,0
0.9071552891573119,12.280273800106597,13.93872220584382,22.766283182484162,18.702386010470118,21.192644296311535,10.212535215626447,1
0.0757174113281818,6.133031061804863,16.70515894568535,16.40991312130346,22.361539162917655,37.250572759191584,1.0640675377688822,1
2.269041518800438,13.062813408059117,16.020733517523638,20.183530898717823,16.966192724178562,21.379916348690514,10.117771584029907,1
35.43625661135388,16.839767152187925,7.749793128545107,12.741554093395266,3.580391607345175,2.957949866180602,20.694287540992047,0
27.805475514672334,15.83481566367206,11.155043195299896,4.584616126333952,0.9498638449073711,2.8126237677195283,36.857561887394866,0
33.76699472093275,14.06668371883445,1.8955941845420594,8.019318440040738,7.220409949733638,0.3737798318815248,34.65721915403485,0
0.407101271361864,6.103945020613516,26.03608024271397,17.436356078336697,32.78385165834086,8.885221530348668,8.34744419828442,1
12.33118156375662,23.335606303839118,11.491158406321052,4.048843897410077,2.486641595239786,5.032475429676975,41.27409280375636,0
33.42859090294286,7.382481335292517,3.5180894728854417,3.9648165585722985,7.603434890391868,3.7179938600971587,40.38459297981786,0
2.4913031549991156,18.44433795952941,16.8668573044623,10.790119020662909,37.42588521204546,9.748018304658865,4.233479043641952,1
0.6126405865176778,10.820692915596632,26.386406645728016,9.37828289779836,23.52369374462419,23.527747738787205,5.750535470947907,1
20.955308603802457,14.415241066444185,8.896998606263042,16.206421416027744,0.30128271834757736,1.509497280556922,37.71525030855807,0
3.2960230254421985,7.619719683550444,36.217071537716095,14.753983072364418,21.902684869736095,14.96294761759879,1.2475701935919536,1
27.43045051386196,17.57263803296232,4.33098144464975,6.293410983018127,0.13253526796767917,2.101576465449016,42.13840729209115,0
33.08107132949293,22.78650999766715,4.995213352316048,13.857269390199425,2.777522048136495,1.666726757912434,20.83568712427552,0
0.6945517803839185,14.819770141567707,17.596685643981484,10.960963415929701,26.83397981698204,24.99534797265916,4.098701228495993,1
2.8511604870666045,0.7080052414640687,14.63732524338088,22.584881525340432,20.478473578732316,28.14869357120498,10.591460352810717,1
18.733530387350452,22.44745844740863,10.843738584896021,11.114842783320853,1.260665609683697,0.09030960054038194,35.50945458679997,0
3.8078355969383595,15.859051170065635,13.2673969067997,19.200626680905504,18.340302642260998,20.06247408067502,9.46231292235477,1
12.581275757072197,3.6919231644732187,12.123207883605815,15.650587522579745,8.90459208089782,2.315585200033856,44.73282839133735,0
20.959942829988208,20.641867168214954,6.7858327532782186,1.6135067391301858,8.092176561176622,0.26829074308519624,41.63838320512661,0
2.8954737842904357,1.9982166646684538,18.013816830820815,24.329733419775227,38.051907374245786,10.75127836680601,3.959573559393275,1
22.8097684165336,26.048624101108803,3.5633850301576473,8.166912524610268,0.1471979760787261,4.7483440143684,34.51576793714255,0
8.540672655965622,20.51127425824848,5.867516422154772,6.511878967659992,11.237461454459423,0.7998812680451316,46.53131497346659,0
3.2447279426792117,6.429570827752934,27.30616395417777,17.11109718384672,30.829850501167844,12.813753296373044,2.264836294002466,1
30.216009617264756,16.461655919816934,6.693911424505353,1.6319518931416463,4.6239689260475965,4.480516691454673,35.89198552776903,0
39.21112540594363,13.332767045944422,7.60854664457035,11.865360683513417,6.947106428826798,1.2277965681993326,19.807297223002056,0
27.759891826343885,3.6821857861145126,7.327034326834295,16.47696705960564,2.766103686754924,1.5717854244606457,40.416031889886085,0
2.8327083831822604,4.498797620733817,27.855289723143084,21.03734939280684,20.081723344052907,15.187835097743383,8.506296438337714,1
24.62516731904427,20.37058448437888,6.716354602023548,14.671859066452159,1.911808898038804,1.4146986068159566,30.289527023246375,0
3.589356003208745,3.2593910671944393,11.498233472410625,22.00449774577788,35.66455542311896,14.314724747689315,9.669241540600034,1
0.7292720247793306,10.282940392528253,25.051189724587953,18.330997554733226,34.93947471334116,7.270235573155574,3.3958900168745054,1
2.085540024506461,7.798208731282225,16.817971362552804,26.43152847117809,27.78603484160217,17.605857054562982,1.4748595143152758,1
4.102949784522763,10.903929963988283,21.030916822962734,17.565846449019997,26.045593235737748,14.34471121000315,6.006052533765335,1
42.31218802044213,5.462625254548867,4.747387611641813,3.237285086200202,8.25748667816112,4.602924156551349,31.380103192454527,0
21.22585402508593,2.7774719964077206,7.397608547072343,17.275396841763975,5.928148689040929,2.697597019209512,42.69792288141958,0
14.517678109411165,19.570945256330575,6.402169611579563,18.386863832945394,1.6717114045641819,6.503293457350273,32.94733832781885,0
1.2181837869223116,5.017987715320388,32.59966363302178,17.856827748921507,31.3722816239951,11.932943570220381,0.002111921598545516,1
1.9218021004208392,1.452850651756332,21.268982228448653,21.26663375881622,28.942121186889903,20.162141951695954,4.985468121972096,1
2.326826865833638,7.0771788906571,19.878860542363842,11.433420084709878,27.738954851137503,23.054680929129283,8.490077836168759,1
18.490507354371168,2.089484678944443,9.810826865227684,16.050362071441594,6.355790463089031,5.448983984848323,41.75404458207775,0
26.610021903900225,21.59234399359341,1.3543239240151816,9.355701586071143,6.113285674943027,3.1733783659896964,31.80094455148731,0
5.8553336073718985,23.032238780423757,8.387062326602473,16.304585280155475,7.331199692805562,5.243067896698804,33.84651241594202,0
33.251621630955285,11.818012049009171,7.796211737839348,11.956752328167955,0.2674282549528767,3.9681157497639177,30.941858249311455,0
19.414962640399057,13.131033045007747,6.032354434422092,9.238983074718023,7.391653624386486,3.596645047871548,41.194368133195056,0
20.745554996842788,19.564015195467697,5.206422573693642,6.367406068766733,4.2876495079407455,4.990873083426895,38.8380785738615,0
26.345580450210804,13.349382652871805,9.458110213174376,16.62388286513598,4.925273099268171,3.719557561080623,25.57821315825825,0
1.9131465909632095,9.7509877227175,11.135447802560613,9.808955451708199,34.60702984556312,32.123700086949235,0.6607324995381221,1
3.2348245618311275,28.820977539395177,11.503372738085622,8.02107131128263,6.8163059047760335,3.0230823809850578,38.580365563644364,0
16.06709969762657,14.331888928416396,7.7804827196271145,0.18301361162623475,2.305987496247167,5.915813467538497,53.41571407891803,0
0.4339193407986881,12.016138713930664,9.884897014722624,14.152597300558837,25.76681477752742,27.36633275322581,10.37930009923596,1
2.1465372886538243,21.471147090446475,1.0542797382883753,16.948093721103103,6.634631442479375,3.77616488092959,47.96914583809926,0
3.0020545837355535,2.9995907255492265,19.414751746536165,22.479705001263486,19.39516830962277,23.97906103561562,8.72966859767718,1
26.607517834385668,14.415805742859247,6.272581630042069,9.060334517296537,4.601024836273653,0.8995306700575854,38.143204769085244,0
49.143378208132376,10.502541572069084,4.030221684844011,2.2548312636514116,0.05126624465408476,1.9783091842745297,32.03945184237452,0
0.365544662409094,10.158377283433445,18.586035738483687,25.25733459196699,29.472307162454324,14.441339415415753,1.7190611458366811,1
32.28678089923547,21.4126316977309,4.3366930379937845,10.645090575030922,2.0787816208071663,3.269799144774136,25.970223024427614,0
36.12342190172084,21.434786113812606,4.80431776275162,2.9673348114068743,7.150823782983282,1.5065708752235638,26.01274475210122,0
0.2334809619668956,0.766048718655081,25.728018282700425,12.323460186850035,35.302060759700694,17.5661292055087,8.080801884618161,1
2.3984832617864833,29.606078195418835,8.314750223741841,11.446291393206778,8.124807483045197,1.7724348041368976,38.337154638663954,0
1.9078980032027084,7.143681854266702,14.18554109169882,16.523552368799983,35.97403290354981,18.748382813899646,5.516910964582333,1
2.101085303320583,8.334841665267323,25.559655876674487,13.645458087452367,21.454634947632435,16.94587197362943,11.95845214602337,1
2.7429421825213387,11.623563696825878,29.099177460667214,18.240037872505162,19.03848008747517,13.2937937385685,5.962004961436728,1
16.03947074863765,7.534127140386442,6.220075393410494,10.32562816981982,8.036744598512245,5.195360430485946,46.64859351874739,0
25.2619013058533,8.241387169804714,2.5991959398875655,9.197756911778402,7.8002950043006685,0.6845178076577229,46.21494586071762,0
1.398700059113165,3.9684287107748726,30.872811176333542,22.58681091322533,32.19097884903108,8.203822913471129,0.7784473780508804,1
1.1777209842182939,4.265626748203866,25.013093417563166,24.36488435888427,20.49115998720397,13.86094480930902,10.826569694617403,1
13.097555393112506,3.038785267863597,3.502708018938811,17.048537218893863,10.612502517385472,5.251450993425901,47.448460590379845,0
0.8230314176123559,7.967220652372839,16.733579866514052,27.68966299358645,31.30100811979659,14.332299868619181,1.153197081498537,1
42.557423157165935,5.369567255167469,8.919617883545301,12.255168067303822,0.41480697290110513,4.317316277440636,26.166100386475737,0
35.966929758772274,14.812645864144317,4.696015404151819,9.256265063787282,4.440209541323051,2.455372172862326,28.372562194958935,0
2.0661806347629352,8.97241385816218,11.775304906833904,26.297029711317403,22.73479328053275,19.583707561799375,8.570570046591449,1
28.15594201908123,18.32864090727063,0.2951995165376672,10.182385694288056,6.527245854794261,2.1018852001905874,34.40870080783759,0
25.495479258928118,2.60024789332859,8.338883393243375,6.884774276361778,8.461553409391202,2.50528302955397,45.71377873919295,0
33.550610925740266,5.7131989388032,7.209491227624951,11.325572594346527,0.6429077081380332,1.74765493950691,39.81056366584011,0
3.178575469071158,2.340757136702494,15.52958317806367,24.10334704576366,21.691203206211267,28.79517444256352,4.361359521624227,1
0.3794579907678688,14.428704792888587,31.175295925819874,9.797468502583804,33.9547829485966,6.437410101730596,3.826879737612661,1
31.546493239600526,16.832504243631572,6.793865536725805,3.231690897893495,2.4937570323553637,1.1425746434445156,37.95911440634872,0
11.894416572185678,22.38872532084567,5.905154196821342,10.49455319145143,7.681249366026097,1.519742973801599,40.11615837886819,0
0.13303322297596662,2.1518895645403306,25.668681030461617,28.982999768227423,32.881038347906674,4.462542202696426,5.719815863191557,1
1.8974523845651732,13.549660290682674,13.660675801449242,14.910470215017787,33.06805605909739,18.115751634682873,4.797933614504863,1
3.7962627805721105,1.810756592646821,10.162081058169376,21.496643119791134,35.840579259512516,15.398095697306768,11.495581492001271,1
12.381267471098523,22.35543416471456,5.301692439468363,4.103139942986638,3.4193244705899897,4.594222189435529,47.8449193217064,0
4.1637667339463125,4.799189465130581,15.91105727840199,17.618043992987285,36.208264426295415,6.702763988193987,14.596914115044429,1
1.1273103818186205,13.299365258596312,18.12865038928172,32.10181833351473,19.298858027496486,5.161185101362491,10.882812507929644,1
1.64030403277176,12.397897469684738,17.47059164587742,17.798015020587474,30.191900308881927,13.260823324394867,7.24046819780183,1
38.70806853591071,20.898152077624346,5.060978072645258,10.381972212292185,2.1311865533331154,0.49130121579786507,22.328341332396516,0
2.222723618258942,2.696846635250485,21.394405897239345,22.235038556718827,18.220495273728073,25.271970123307607,7.958519895496726,1
33.55681184805463,2.8359595711545404,5.191823836762631,14.86104277937689,0.683841742683424,3.5575447053519236,39.31297551661598,0
2.1307714272798655,1.041774730430254,17.542576366231422,24.09240468367471,28.208326553424605,17.700805451016638,9.283340787942493,1
10.834036387554866,26.612258774235876,7.9794942167922684,13.156637626553591,1.6856459130582468,2.639287922337797,37.09263915946737,0
34.44049801243168,3.0507165595887975,6.318102300555793,7.395825864312737,7.149898836924423,0.5057492288644728,41.1392091973221,0
18.204820718384088,9.394936439503677,7.945949632781751,19.899526818313745,2.4916509004393506,0.8736552820472646,41.18946020853013,0
2.27387213303553,9.1202870717948,17.13485994924352,25.165257320127267,15.42526541841254,28.04349670719577,2.8369614001905745,1
3.6907040805254323,5.668383486267232,18.442953359693316,20.156841670698697,26.640623561176902,22.682318071196363,2.71817577044204,1
1.1416629193953822,6.272851503451607,25.33769031055808,19.162367862865683,30.298891100431113,14.932962612479361,2.853573690818767,1
35.92009342539955,21.80126541995715,0.13371576790579884,10.33491256227088,2.2562929341187936,2.546971356237556,27.00674853411028,0
1.630918497518883,6.939841015012277,19.98368515782728,13.039651718814616,46.052882430837386,5.781426786824301,6.5715943931652605,1
3.175616657737873,16.6535488112781,14.888297085705704,15.81809380168709,25.335448941384698,15.822388323004152,8.306606379202382,1
1.2646030142226672,11.007858678751221,16.14269699882024,13.651853877610884,37.24076880287177,19.659283092789337,1.0329355349338816,1
3.277355118773426,11.328910413024927,18.137280302279088,30.192267915609396,31.40520697151066,4.21129765189993,1.4476816269025905,1
28.211811218754008,17.467668136070614,5.85570070514944,2.725679788492344,6.254480220538442,3.025664540473958,36.458995390521196,0
3.35153739445277,11.159434594286829,13.339618741172748,20.398616547712734,27.206766127791106,21.37737773841075,3.166648856173046,1
26.913133761674363,19.713832442743975,0.9403697140259246,3.532252584628011,2.921574631704643,4.637166913867008,41.34166995135609,0
36.62512077755248,3.2984808238973935,4.918562850248297,5.525775711133522,4.833877618547522,3.6970104884656054,41.10117173015518,0
10.792224134622423,17.735864963484378,3.7096615701300193,16.873500440383715,7.090038453526416,4.431463595747641,39.3672468421054,0
6.008960481331569,11.770182236494877,9.850549999260148,19.064489012922124,1.83460344334128,1.271254356461915,50.199960470188095,0
30.390153048699254,16.337345571029545,4.38844410284362,4.578006633340439,1.0062005888559242,3.5500598505304453,39.749790204700766,0
1.348834013789572,12.250858952562686,7.570525364632634,26.81254797047331,31.359817331687566,17.62670746151792,3.0307089053363057,1
2.2588373698885595,9.373735009691526,24.609538450562432,22.661926261956207,18.162183717079778,17.331751607023094,5.602027583798401,1
20.94969621037664,20.992508247240792,6.170626283316355,13.74481244572712,8.586497235958765,4.057144488990493,25.498715088389833,0
1.3161123564816433,16.31892319850111,21.951940386286978,17.609556392949845,24.138234064674442,7.3270779393357435,11.338155661770239,1
31.599133733455854,3.6354719516484875,2.0189341739981335,8.689890638131708,6.275028385458077,0.926129861994316,46.85541125531343,0
32.81071312704694,8.22558829622759,3.568170282656695,13.196007113359599,4.903951480418184,1.963861053669617,35.33170864662139,0
18.826158334475178,23.22776687092026,5.04474613564497,14.47400941095823,0.013600553629987251,3.1360004703578146,35.277718224013555,0
2.3631445147017893,10.900257022944276,22.58346370897755,17.202800476936392,26.262451024184063,17.58756808099598,3.1003151712599295,1
0.8820733195254122,4.785560100645921,29.40178188804023,13.160715684327656,42.28680074865175,8.180683768354935,1.3023844904540873,1
15.879900178700476,30.030223220075563,1.1176437190217436,6.7133239215890885,4.3786741067753345,0.897697410086954,40.98253744375083,0
12.457233148547337,20.1028762722305,3.044668270750895,18.897407782238446,2.013241238069749,0.7823706803547572,42.702202607808324,0
47.72601605257657,14.162945383046427,0.5921123709820064,3.6041184403799456,7.4130868911109635,1.2849390722589968,25.216781789645086,0
20.358265212801037,3.256242187864891,7.123128668348522,21.261870234851223,8.16703755612057,0.6625620272485412,39.17089411276521,0
36.45346484876873,4.584227757637547,1.7325991552612725,12.276394171313093,4.931607368150806,1.5205404668027656,38.50116623206578,0
2.1190713128766916,8.17915942971109,16.149348662903627,18.61980800677689,34.73206533840564,13.736501350478436,6.464045898847619,1
2.8273162754219143,3.1442696777920895,22.29991082060195,24.09995409302302,28.804397334765618,12.329300355451686,6.494851442943718,1
24.590924742402166,22.644330064772753,8.173458377472576,15.414374560795949,2.8717396714032257,0.7033914589451138,25.601781124208223,0
2.7372016446258973,2.247844998638637,30.18871511082689,19.406090940549547,24.751493924856533,15.56552903008125,5.103124350421242,1
12.168415988954703,24.666133040155604,5.837074440534356,5.888792126265666,1.2185490432956132,2.9163522989586235,47.30468306183544,0
19.606680812396373,23.285888233287853,7.619392466890025,10.81255791020099,1.7078013657622941,1.2206373875995253,35.74704182386294,0
3.078159870789994,6.536452544077555,13.593121563936855,10.085145882057097,36.43717195007182,25.132948681978995,5.136999507087678,1
3.4624664908075498,14.638077530087342,18.901841147916137,20.525940051272897,21.050095901277125,12.105397600077055,9.316181278561887,1
2.9883996357295204,8.717281020407727,27.057561256841396,13.191555805197662,23.554444140475347,21.924802128372605,2.565956012975744,1
48.67172626606535,23.652511511638693,3.0043478218042594,2.499772278103381,0.41066515630848316,1.659002878197952,20.1019740878819,0
0.3942702259636609,13.790587846426664,10.434382882464103,17.88373162482524,27.999228247793123,21.348760377865432,8.149038794661775,1
31.554898517382092,17.09537740833276,3.0647628702154006,12.39427638199734,5.014348308068268,2.2245559786140254,28.651780535390138,0
43.65528107692692,3.1287185926712766,5.278382453222536,2.4384634468556396,4.117051900274058,1.7748929810076992,39.60720954904188,0
15.46491905237158,6.968666939168452,4.968665233411935,12.54778367947709,2.993939867147484,1.370420174314141,55.685605054109324,0
0.42507283686626374,12.794371109093811,26.39878449764823,11.245265683085508,18.558330580159094,27.85857378920673,2.719601503940351,1
0.293419376470954,13.059965527052164,20.12562379572011,9.6283177074897,33.1732685974386,20.28852797595887,3.4308770198696013,1
1.2633558583165392,6.468835014571122,29.256614425884607,24.55806278237139,20.554876696106994,16.25715959684277,1.6410956259065845,1
36.620685049409666,21.47459645827466,3.576459242746887,6.634576558058647,4.528304834090694,3.019186389472761,24.146191467946682,0
16.896605978048346,25.353777213857914,10.29694983508889,1.6200585060290584,2.7639421869862715,1.9482649375363574,41.12040134245314,0
3.5739385505302796,7.138060349782107,30.213518764848114,15.57927798240873,30.761884223730192,8.36967060420069,4.363649524499891,1
2.693009193118096,9.648165818684786,19.410186230449167,15.795479502901832,37.040060276756215,9.674829344117878,5.738269633972026,1
25.835627787610793,21.905686704468412,4.348205810267734,12.1560479077587,5.761155392708403,0.7082362958727261,29.285040101313236,0
1.5919822230320049,2.4728747215173086,22.051869816733642,26.270708968812407,16.274221872345812,27.178273542992294,4.160068854566532,1
0.003904463569927368,11.511777025280862,10.13443028870708,15.18657062614896,38.22601626968773,13.987490972919176,10.949810353686264,1
12.466048961599446,11.032202543264038,0.49967389593460415,11.130931824581008,5.533001904098516,1.1716781847027042,58.16646268581969,0
35.751216843700355,7.54674381589941,0.38393236540748005,20.39186236001177,3.121689829819505,4.086976750274881,28.717578034886603,0
0.969761196487667,7.770747746244611,14.149262948379626,11.410452554235501,46.53509807639423,14.594488672734268,4.570188805524091,1
20.581027125937474,24.58661204289593,5.526619822244846,21.17268372711301,1.066110782399239,1.8493703196767526,25.21757617973275,0
10.602174169948722,1.1477612866287599,12.252850008658282,22.337939456685127,12.941473519027996,0.8621050837623767,39.85569647528876,0
0.64838885845038,15.37025733767193,36.85393800345999,8.820975170638038,21.453490264366998,11.806907524978014,5.046042840434657,1
0.3930686874755791,6.508367270542251,28.992663529457385,24.69164772386077,17.170258636278433,18.703883707431864,3.5401104449537217,1
0.7075402114932395,17.06845272463487,18.920029369982583,27.70717768877538,21.313296039441536,5.592708439077364,8.690795526595018,1
2.51537482821079,5.101696973551441,18.05060628141687,17.081621346297567,19.39836336653079,27.624933465262348,10.227403738730196,1
2.989848581965936,23.952013566445128,3.1696614948390747,18.192165185562132,9.978038779967017,1.5882365232374536,40.13003586798325,0
2.109509116035185,7.440932817708804,18.77207843936365,13.722250164861736,28.81948957164035,23.26723173147259,5.868508158917674,1
0.8746928046545359,0.13787473795440566,9.173497101811668,29.083919573827227,29.86683945519011,27.55537089568031,3.3078054308817357,1
0.8063853271492578,5.352862138170418,19.65005305201038,17.28810816664535,22.138013827548527,23.822645036790036,10.941932451686032,1
0.0025191640495958686,0.5189023443211972,25.214615850037625,26.27660159793757,18.007629313623237,23.853005231986028,6.126726498044745,1
1.2477155959822273,17.693250263463757,4.536489498983194,15.040214702744162,3.127059873379327,4.043070198643653,54.31219986680369,0
3.0534483740106992,13.941839429620028,18.235533749700476,17.218013118744462,22.956558518935612,18.00070407770089,6.593902731287833,1
2.311283800227794,5.227705784239604,29.41878846897017,31.932794422360715,20.617679762090972,10.364461574500849,0.12728618760989582,1
4.951527044418801,2.8400742587074186,18.15919949387285,21.428134257308226,27.671329442524105,12.194427828441768,12.75530767472684,1
38.910170385644854,12.809327015319436,3.8766170152578265,2.0956415016522962,7.318040622166337,2.947963971612179,32.04223948834708,0
2.8801883964516897,8.29445424913379,18.989448615874373,17.449766377797534,32.428141442241184,11.353950302118049,8.60405061638339,1
3.425375925845675,7.360659371861635,11.789989514903851,16.64324506104295,33.700381046029,22.566753279556163,4.513595800760712,1
26.86990529985304,3.284248795531599,2.596208693481918,18.17233680129697,9.22608064380411,4.216418030680546,35.634801735351815,0
29.157229808110003,13.15855756899452,7.023270223278985,4.544522608578597,4.147389969354574,3.565056743754993,38.40397307792831,0
4.2197068761172245,3.66442792351848,11.524429707542154,9.194526350285823,43.4207062814466,27.384864938554987,0.5913379225347419,1
30.06175982520738,18.658092071028058,4.526939110503552,9.605717870873262,4.077657359524598,1.1516066374842304,31.918227125378916,0
5.847030278367056,8.622633062404079,5.565313888728342,12.501173538493108,4.04954835906902,3.6590125089196235,59.75528836401875,0
1.6354925442012322,9.2980659780376,20.217153203720777,17.494498109444827,23.745956068534603,21.90460607355594,5.704228022505008,1
25.3189587709976,22.182249613968136,6.844773398612592,18.68109714598407,2.690107071527823,4.266340689838026,20.016473309071767,0
2.6196744660915283,5.378577119985918,13.964106340043978,27.751081372792758,16.907627771598328,25.143674065483836,8.23525886400365,1
35.879326354515506,16.595826252869486,0.45890279267438744,8.818336272233452,0.22557885700703081,3.00117058415911,35.02085888654103,0
16.103415856627826,14.933794954631274,2.2571579436247995,10.649441980978064,9.6474953397959,4.791418455384495,41.61727546895765,0
1.7801033767122407,12.825546902899642,11.946362875911435,21.765061121431955,25.290999211073988,25.996511975454446,0.3954145365163042,1
41.59632948457701,11.590774755720627,5.455476604930399,3.8381656856598276,5.842813303885138,1.305708985478616,30.370731179748383,0
42.32610873730679,0.9939481871053156,3.4434106070097226,13.64164844808648,8.357554343250415,1.5137921103589445,29.723537566882342,0
0.3476002989817911,4.279154541998819,28.830067276551542,13.781656282896156,31.16201695948994,12.827313006677945,8.77219163340381,1
26.8395167107773,18.876547682740988,3.8686239841269967,11.854497388781086,0.6084008636712316,1.926811131034141,36.025602238868274,0
34.3771284805902,23.349466156000698,4.134861071684572,8.308231469824523,4.182677590808691,2.561578357470788,23.086056873620535,0
0.41849706762830585,9.757346024395641,15.241469576595797,10.203120432440073,23.98229040291323,27.700295759137695,12.696980736889255,1
2.830877711829207,17.897735992450887,13.334999534574706,21.81355188966601,26.96738071960512,13.871482041103619,3.2839721107704536,1
2.539270981595446,4.629299210782847,12.982482862719943,26.665346439553034,33.297013880458884,11.513352846076028,8.373233778813809,1
0.5038448468236235,7.93160751808175,22.35802020440286,15.296548390480549,43.45604974751529,6.491694828992565,3.962234463703371,1
0.8402736292949451,16.97435237875167,24.361328453434158,27.061716395378106,17.770740687931465,8.759988462705982,4.231599992503675,1
0.15806048299987133,4.055940139919436,12.969937954464283,32.3722891803458,34.805684875882065,10.192298070006107,5.445789296382427,1
3.0667402492458455,1.7349557784857528,28.224855816574674,11.04853246786916,34.844903901544825,20.69486043526101,0.3851513510187446,1
0.6864306158240312,7.33840028869029,24.722438366069728,11.789503888340978,22.716294775964332,24.33241311646663,8.414518948643998,1
14.708339671556702,21.933823716088504,9.207045048262495,17.598889645920522,0.7947128702965711,0.35483939660578107,35.40234965126941,0
2.9269665846679866,3.168574787799715,17.806852451121046,25.361569511162607,39.93975456086234,6.507937389148662,4.288344715237647,1
20.14592006678156,17.5843126617547,3.800197491409045,12.28421659619013,9.663849060248737,4.586967517711841,31.934536605903972,0
2.5830512888892025,13.254378631382014,8.995182927665011,23.489222363700787,31.976197077260952,8.79495839164745,10.90700931945458,1
1.813661495430259,12.255720927651021,28.967459914805488,11.836951145445804,15.342290028446936,25.540070088378,4.243846399842497,1
2.878236162502012,1.7688499490299265,10.765070212537383,15.710421022942755,35.6570183318278,26.25082304174566,6.969581279414469,1
13.436573278260502,30.230244661659096,9.10848748906561,10.815238005247375,1.373947408399396,3.8107708810640175,31.224738276304002,0
4.873734961232688,12.181059452109873,14.78650260010039,16.71497632331622,33.21472407959526,12.840402573484008,5.388600010161558,1
23.412630361897566,4.5148782418701074,6.972275060405429,21.384178983371854,7.635881788837263,0.7549679625621171,35.32518760105566,0
29.423394532329684,12.67006689214816,3.854508630014697,14.36633862683188,3.2049484431252884,2.8389299280352995,33.64181294751501,0
36.44342470598299,17.699550648072222,7.937856993592075,12.605919733911024,3.826120985633738,3.9155267164519025,17.571600216356046,0
2.7110369622415353,13.089337970457372,9.892759532824545,19.795215250164862,23.020683463364684,22.826248889034776,8.664717931912227,1
2.991483480467297,0.17434730023519843,24.291408778069997,11.378338789154933,31.468251167213406,17.687518978138453,12.008651506720733,1
3.4206634306172807,15.239633963698033,17.230687227796825,10.922501666306813,18.474393527112888,32.60258053656738,2.1095396479007884,1
28.2212937287058,9.20209231059787,6.187172630325964,15.359929112095127,4.994149860264823,1.6194841964225968,34.41587816158783,0
3.1228318201089627,12.62926915926174,11.25972865164118,24.23967222956915,20.787668725057955,26.451974079013013,1.5088553353480023,1
22.214870562934216,7.261399282659042,8.761794336134729,2.4334133932077173,2.765853594216165,3.809597855920567,52.75307097492756,0
49.08482009177321,1.836958895533618,0.9687403317992406,9.913437674760576,0.5889659730869339,2.131649085248353,35.47542794779805,0
0.42635262306570654,0.9565090753069522,18.985291404496554,25.717648850572395,35.78669957416563,8.765847083994185,9.361651388398569,1
9.68083894026651,18.01665128694886,12.72056985955001,10.923515698014722,7.999449741610781,4.485768978225249,36.17320549538386,0
1.8881179440502747,9.523875685807779,11.702302656947271,26.595868074828655,25.328904870688152,20.013044357059055,4.947886410618801,1
35.87105301385588,4.343150799666711,5.312126876123496,13.952842764775749,6.761789736223629,2.298381495429891,31.460655313924647,0
0.8333601990937608,0.21475751148836,17.053852906967673,14.06626258888846,31.235185612237537,26.715316919349906,9.881264261974309,1
1.1293469486699081,8.354888185178824,27.74619723849316,19.311703408205496,31.720761721069422,7.532531744149118,4.204570754234078,1
2.6666981227588353,13.396529486653025,20.733429403329318,8.059091574548868,21.90960289435019,23.99858790433177,9.236060614028,1
0.7836327974049296,0.9429506176697522,20.68936606394374,19.117708094126435,21.05740484627067,26.742712442117366,10.666225138467112,1
1.3243778744012331,1.484683388988871,16.424264623217216,24.335122733361114,31.746957424274807,16.417633965345786,8.26695999041098,1
41.85888888975755,1.2894512081013367,10.975378529208829,5.575115548725309,4.6270651343469105,1.4659859864010283,34.20811470345904,0
33.01970357745462,11.56272394078447,4.17669045061785,11.703992335633153,7.056218350322407,2.96102877700624,29.519642568181265,0
33.96067332950123,9.118213804047434,3.744031206083256,16.575642529456953,2.3388151311757324,2.771471428375611,31.491152571359777,0
27.821700600219756,23.83659065883242,0.5964109907791806,13.278904255089415,1.051154912454933,1.2386015164905548,32.176637066133736,0
3.1733410657431524,10.349566431311867,25.212786199022275,14.615022003595282,16.09217882266617,20.700014888013147,9.8570905896481,1
10.041560751851478,30.39523068755436,5.728879191722807,8.47201964665086,6.079689504931375,3.653799302005006,35.62882091528412,0
2.8452720314838182,3.3501167837540016,15.838639785305892,18.950737071647357,22.427800104503795,31.828078277738186,4.75935594556696,1
35.1257970217563,14.995277351772787,8.903579097383908,3.105962340316743,3.568105656632587,2.352772627426838,31.94850590471084,0
33.51329919970919,5.990027398381449,1.0669086121066944,5.087621934737291,7.550872427940396,3.9183798204942577,42.87289060663072,0
0.04843260081907896,11.924363985637108,31.254815984264102,20.183617580615536,20.18293006587054,12.065309091141096,4.340530691652536,1
1.0259565200228205,11.10426764562277,22.359101198487323,16.921370936186126,32.99893776401338,10.581631179833895,5.008734755833701,1
1.3582628028129373,11.193501114836819,33.049040800406296,14.10765743493948,18.324013455911615,15.907799936007965,6.0597244550848925,1
32.714889822695845,7.4814194766063356,7.768222504599898,16.841037278539716,8.214689269582971,4.053170607862171,22.92657104011306,0
0.05291982170923969,8.996521286357167,10.35136166336404,26.93037897126121,30.22345452788725,18.95357363836444,4.491790091056657,1
17.409729289034136,10.756999532861123,4.778262140987127,3.259350851709353,11.616800853692249,3.074020274077449,49.10483705763856,0
43.11518345441032,0.5501524359340616,6.4216745064333,18.054023402398403,2.4325087890301553,2.156280007361206,27.27017740443255,0
3.3467085928702787,11.810614206828504,8.140897703157794,14.984350562445215,27.72125852843909,26.072590955941305,7.923579450317798,1
2.0483918080615804,13.677990462338274,31.725019603270944,17.46184537652324,17.567982815631648,10.653377843359433,6.865392090814895,1
7.921457728478777,30.72287319304475,11.357251723518406,9.944549087789754,4.882094756633058,1.0933200240359884,34.078453486499264,0
1.238290238671693,4.895840276035319,11.066556669878882,28.694390167436477,20.35340076847872,23.75776626948743,9.993755610011473,1
3.008181280370856,5.5637396390457505,22.463790677399462,10.906011362444723,39.474422198254125,12.961508831157426,5.622346011327657,1
27.504277594397553,16.773505739170062,4.302644519411592,0.40294246664856015,9.903637480086225,1.300367534908027,39.81262466537799,0
0.2725450614866024,5.210714885422702,29.33119342133683,25.961409950261192,22.199279417961968,11.878883136356217,5.145974127174484,1
20.974231197458586,23.376821954093987,6.1756808121845,8.823667404976684,1.1503233287968742,1.975514085130469,37.5237612173589,0
34.375236056078364,25.739892395702245,5.581348271804301,2.497059996927636,1.3317714954481439,0.4212064818711242,30.053485302168188,0
1.4615855305958163,4.442098653819572,31.144525140595057,10.580858815686952,35.50354146476079,12.1038099031303,4.76358049141152,1
24.901241988393625,18.77721672114563,7.3825984014202195,12.782763014997286,0.18742756277738049,3.81003465567538,32.15871765559047,0
2.8104312045800057,9.211200123693773,33.846078115149005,11.128059468963377,26.99907566910127,11.558710655887904,4.446444762624662,1
2.563524235482816,8.607565684363761,19.487805661869853,11.568501308982322,34.15558638764227,16.11279970283529,7.504217018823672,1
26.04479033870352,20.94548938271549,6.51547538468604,6.970327501212852,1.5171917330387217,1.9279354025684612,36.078790257074914,0
0.704787852307526,6.749169207377445,22.376295721649807,28.287334193667167,27.035303634833806,13.882183587658451,0.9649258025058002,1
34.90855884983702,19.166206950136612,9.074927095548087,2.079775312170702,6.499578461314166,4.736222093177447,23.534731237815954,0
0.719360880093441,4.9681077696723435,9.183760241090853,24.368295926398936,6.591005843330984,5.047100332685462,49.12236900672797,0
40.00378824332916,0.8439421563431428,9.733024596381215,0.07063823142898452,3.9117850167969794,1.6861932178283696,43.750628537892155,0
22.228693337742964,12.957343742112325,2.6311758178942046,16.8141718631546,4.925627859051044,3.4070403594878043,37.03594702055706,0
31.189380592026666,24.374494101529383,1.734887692154272,1.1591661382657665,0.4447411399751999,2.7066150590073867,38.39071527704132,0
2.261724572003577,7.1547859398544436,10.760786222076849,21.43180859973441,27.58269132347855,26.0266254829777,4.781577859874467,1
3.4291774829046355,8.358728021183042,24.48580543368899,23.64807583836574,17.36484457220144,18.906076031493658,3.8072926201624924,1
2.3573909660345285,11.313036381780835,24.45277875736168,24.393065550477267,25.089642672636952,8.41886645879871,3.975219212910016,1
37.946435124905534,18.416889581670816,4.634006168330313,8.209218205527812,3.4749193177892566,2.9524340976503094,24.36609750412595,0
33.14459087552115,5.968623571832763,1.7800799943694927,1.595117964929214,8.437081365042504,2.846178952660744,46.22832727564413,0
2.1219563163163744,12.686974056538963,9.95370479013156,22.765334419240627,26.518290845910425,23.90169006904276,2.0520495028193007,1
2.5853369338914445,13.25327106945296,12.837665397926596,24.560669549873023,18.19509088730793,24.760452596851657,3.807513564696388,1
2.9958609757596544,0.7149910027197,10.806520492320656,23.534613628197313,36.433230775763654,21.04334060065057,4.47144252458846,1
38.128823962478336,20.431906712730303,4.2640240820178885,9.997209496035234,5.540625048792375,0.863936243225157,20.773474454720695,0
13.502120651463681,8.907661655479265,10.710169204441272,17.257314289267246,6.412510274600482,4.163594575214394,39.04662934953366,0
0.6551361093131074,2.2620208587982518,30.663605138828903,15.90461834883473,29.42569111514029,10.810889183018501,10.278039246066212,1
3.8252452966791584,13.553697293957798,8.427027525449857,20.65643553789863,29.679867076883188,18.803416641027358,5.054310628104008,1
0.5316086139479197,1.7898997926849194,17.876597504713036,17.966622445697958,35.58234360301323,21.38233360625254,4.870594433690395,1
1.974566994355209,12.017362598085759,17.372254824579013,24.345810251102805,30.78824840064305,3.816771944166595,9.68498498706757,1
0.7171746971127033,13.579074535340329,24.906808296586867,12.823428310583395,20.437883514011563,22.963613788318657,4.57201685804648,1
0.21815262421834383,11.008794989974756,24.03887855965567,19.8757883088248,22.601867699889944,18.50712256987659,3.7493952475599044,1
14.723169128864244,22.164155548160647,7.381319063328727,10.007705367534276,8.118314540862048,4.316972369149726,33.28836398210033,0
9.253775431176653,21.509330744799374,7.318004141618793,7.678367613785841,6.468684950870143,5.139809818183984,42.63202729956521,0
31.26735175683609,11.715235497666153,5.40127980144418,12.516740286263017,4.698806392811015,2.2829751919385344,32.11761107304102,0
41.10267737973347,8.079200604832652,7.859952316788803,7.580626235060095,2.7001653433913213,1.2558958224458694,31.421482297747772,0
1.3772955740457515,27.383636662987787,6.800555277081788,17.140127589818775,3.208436877417791,3.668245687985948,40.421702330662164,0
0.8185658599533608,11.59311493585163,25.381226842867534,16.904883168207707,29.533336643338764,11.932132026538051,3.8367405232429577,1
1.7495963466308293,10.650562041235682,23.806123955194924,25.046758242289314,18.631117999371586,19.714203894123962,0.4016375211537087,1
2.686856241157817,11.559426820709175,25.42693300513476,21.0217797632417,13.048521275138892,23.26166042742284,2.994822467194804,1
3.5971968645698134,0.35495827686622833,24.998257158815097,29.37902608784452,20.593721570150734,13.212654239732672,7.864185802020934,1
3.7998710174983317,16.55038639122235,26.315756337997403,12.83222803927258,20.77425382429538,6.590359171374064,13.137145218339889,1
40.49765070908565,17.34499634335311,2.8043330023123323,5.21784098362486,3.1460930587840457,2.6051369066891095,28.3839489961509,0
1.4691867237263623,7.726131757882096,14.14891827100707,17.706482070535674,29.843320607172867,21.328033811720093,7.777926757955835,1
23.833516459795163,25.014883490078443,4.361846442084288,10.717319975422956,8.54226167200751,2.4158946017513587,25.11427735886027,0
23.73653695703924,19.231373992832125,4.216354072283778,13.617322110435119,3.574757245761953,1.1290901380868914,34.4945654835609,0
3.280779925401066,11.544794916985927,16.88527070479573,20.550876615532335,23.75304750574467,16.02201697700082,7.9632133545394375,1
1.9149724676072344,0.9070738850903417,22.523470725963616,12.20298090508985,36.61244092282719,14.87162585680184,10.967435236619936,1
0.8614408142399452,14.411943690694756,14.691565551560002,12.584127467321036,41.635468843275675,6.182283393602969,9.633170239305613,1
27.45845514951616,3.7980695986927118,4.026443943862882,12.226870604131863,8.979061019373233,2.064911084730468,41.44618859969268,0
1.7492599039478947,16.63716142555223,9.810516160081017,6.257416652998736,6.424952235643083,4.423165854266998,54.69752776751003,0
18.032716209577178,26.094753454881243,5.845274545337106,6.546334221294591,8.740412364927547,3.854197561164452,30.886311642817876,0
22.642559234968985,10.957231947377686,0.15317378946092183,16.642752580816573,7.034144522789411,0.6913538825532546,41.878784042033175,0
2.834507127730442,10.165210218605866,19.303489636172326,26.295987728427335,29.214585349088107,11.905918500115733,0.2803014398601735,1
35.644824809426474,12.488749084849045,4.749225023440468,5.37841192317848,4.999489931973495,0.3483221472895976,36.39097707984245,0
21.40987249031148,15.049896739378873,0.557585849948698,8.555815048934269,8.346727387748471,2.8695835524589324,43.21051893121928,0
33.08862820225957,2.762166686516779,8.240261029180958,6.525546707660696,3.092936187429852,1.2233289076181857,45.06713227933397,0
8.301795358710898,20.005476347331896,7.196406165443288,0.4227943465273188,9.66682172419237,3.4723421119920954,50.93436394580212,0
35.94857931335876,20.13461760886103,7.254624264336029,0.8671663097649706,1.5945810975499213,2.054703100306376,32.145728305822914,0
1.2930075941186125,14.80594758581589,30.591132731481817,9.742698598637803,25.048000014986975,10.172043386772053,8.347170088186834,1
0.21701286026649724,10.791906704357803,18.663319244086267,23.07275456767017,34.260098062990004,8.054311200982552,4.940597359646698,1
32.615996168834286,5.473205735513998,3.2546558186554533,20.609207617744136,8.345374244123866,3.1408163849304658,26.560744030197775,0
30.820961004863555,20.38890192935005,7.106282555964609,5.893069636537905,7.286028438758388,3.3299710202973385,25.174785414228175,0
0.10620943523534114,12.669852990865754,14.78544997531433,9.065071693156632,31.070862595176855,28.759897919602718,3.542655390648379,1
4.0368696984984975,28.01396479990918,3.3749002615978623,13.870437237985763,5.3748924911298275,3.9227084208021554,41.406227090076726,0
2.9146514854591743,5.009490209887063,34.11420195890364,12.24847448039084,23.46075908788751,19.321182632816317,2.9312401446554355,1
30.387254985519018,4.9591817765224535,8.87993585291352,3.2447050066335184,5.299432281097988,2.745139026229288,44.48435107108421,0
47.01123263397894,4.036986316766786,1.8645300676308492,5.284969176986962,7.002365020588239,3.7370203246218425,31.06289645942638,0
42.73457086389314,13.348974898582759,7.861121920338794,0.035931647621513484,1.68861177023728,2.757436049487773,31.57335284983874,0
2.748094045203369,13.603154336286554,19.776423097283395,10.488751656015092,17.653550022762936,25.54070749129448,10.189319351154156,1
39.28800930223133,21.36980227623298,4.774243558824433,4.449553232152756,3.603186850749713,3.8652215037996984,22.649983276009085,0
5.115831921064515,0.07294384592296611,19.5137180088804,14.238906623903972,36.46857352880317,11.307578241062286,13.28244783036269,1
3.1345961089631635,5.3314673304945535,27.448039250573075,13.593295203014463,21.248494282307437,25.339694127125345,3.9044136975219743,1
40.52168320362944,4.7786131296883125,3.643308640912775,11.776695601642329,7.044802119206231,1.095631223997379,31.139266080923527,0
39.37245579049946,3.128037491865672,4.856847017312296,14.618919526264715,2.6593033184644415,0.12213481637211673,35.24230203922129,0
3.485055546426457,3.969371377653646,13.072829772521006,23.507820521666005,28.59746617149123,20.633398356767415,6.734058253474238,1
25.237311054636223,16.944741472429794,5.733327113773106,13.506258059410406,7.159243904464587,2.5671522210018187,28.851966174284073,0
31.75758499098345,14.224514691610853,4.646237722634088,10.26088161101184,4.415071311267515,1.0742067718838444,33.621502900608405,0
26.70324841212897,17.089643737258108,5.236499352048463,11.594412031793386,4.979708264010816,2.961347073013022,31.435141129747237,0
32.430867070278914,14.899076337488399,6.4624466560356435,0.34771837208746137,2.458213459265387,4.288506194422692,39.1131719104215,0
3.018351397573838,5.575438853718046,29.466003058887214,19.219130827490044,15.136947764144058,19.321847798615664,8.26228029957114,1
18.928116822472884,26.087588612748696,1.383953910247784,3.5396224184237095,1.9790873659695305,4.202269560108595,43.87936131002879,0
0.1812822241902166,14.673691041187645,14.471600618963876,21.940493367892007,20.827781282333508,17.870419663059376,10.034731802373372,1
17.813049578728357,24.069918951800247,9.917452704507268,5.745850761646612,9.983134302551633,5.096336566616765,27.374257134149126,0
25.66951691649959,23.173667984093743,0.22649697436395508,16.615091136619107,2.243827350210001,0.43891169185437195,31.632487946359227,0
55.25575936481803,6.247068856125534,1.0612033292388678,6.484536584193901,2.6806266866882837,4.389033995856506,23.881771183078875,0
25.101274021538604,21.994094723866937,0.7868657570249559,4.409317248556651,2.608384462175608,3.7708527187068164,41.32921106813042,0
36.27623405726535,5.263626216912406,6.289393782777351,5.089779959865879,8.126035246430668,2.112947513507204,36.84198322324114,0
3.1637167036257052,10.828648156464512,21.57280938639163,14.821820152009582,24.01556438142504,14.937400316344954,10.66004090373857,1
3.205498182227383,7.4869070538157985,20.245876679070754,19.176957709930587,25.558363618816898,19.709914924947313,4.616481831191251,1
0.7032499334818872,9.733625660134384,25.248225460658908,14.47508949941031,39.924718269002156,7.2576537158079795,2.6574374615043803,1
1.7224407475823347,1.5527621479853362,25.388992468407956,19.249296250750625,20.92162667670239,21.31696204372486,9.847919664846499,1
28.69525652632777,18.35944492763955,4.825796724022316,5.108387142096473,2.6166741905444204,2.150986609629599,38.24345387973987,0
36.422208379134986,8.849121641741217,7.687192218433314,5.048805015225005,9.689256561845198,4.560462155688287,27.742954027931983,0
34.02834218671502,2.123554848479847,2.2493290798812993,2.7270461278700115,2.503712046619287,4.271787165261477,52.09622854517306,0
1.4687521807494726,6.478253946712438,29.550089336993768,23.144922265146654,21.561440032086644,9.593052381652715,8.2034898566583,1
22.049607645437693,17.191424748445975,6.822083368444528,17.082984487899814,8.46681894517604,1.800136152520031,26.58694465207592,0
3.3193719427015567,8.831210366519782,16.067326672284135,25.515713126065094,15.63400988622493,23.049926892413357,7.582441113791146,1
12.536677365413206,26.243785958844896,3.9052591151222433,13.926094289997124,0.29079828380758765,1.9494597169973098,41.147925269817634,0
3.200260450503524,4.617270878911857,30.766005909631634,19.130883312241707,17.67065641972364,23.27865451344255,1.3362685155450846,1
0.7031917919463095,10.295576417384053,21.41963496148074,20.41228275734955,20.371758849756475,20.54452107674797,6.2530341453349,1
2.6322314007695713,6.105087768064958,16.35763090097752,25.825558587686615,28.318960680128246,17.687950135662202,3.072580526710878,1
2.971549017343076,14.545161401808707,24.529954799617524,15.866761412194084,25.694675082148578,10.097079263789391,6.294819023098642,1
36.53585994342757,8.637721339653542,3.9873598489914253,14.215350879378361,2.4860617558949745,2.196706082492204,31.94094015016193,0
0.3603170793620731,15.742149980242349,23.272633473947096,20.464144180905155,21.86190458137343,14.6198932383093,3.6789574658605892,1
29.11416187825331,8.799250483991413,3.246330636506553,12.028792524151994,5.395749581074224,2.0703006141530995,39.3454142818694,0
2.0181706997170545,4.3372384485293205,14.941537794565601,21.873741648773056,19.510626656497994,33.015157307823884,4.303527444093088,1
2.9297305007115697,4.645261791516075,27.616923426662282,24.09246995096075,26.272584110852033,10.036028636089743,4.407001583207569,1
1.8259095750978276,10.923628694376186,5.735710404766666,15.121146358372952,8.523163603795167,6.184543187812311,51.685898175778874,0
2.2007272599515506,5.648243231772981,17.037322254310887,17.282460795691478,27.69602309824972,26.398489185024616,3.736734174998784,1
3.896546342865755,9.62063341264979,23.366943612097188,16.849769143090118,37.36410111234335,6.150101295332478,2.7519050816212984,1
3.2317764875787436,6.0659898966811445,24.29946525167583,20.27631815443282,35.18042377817655,10.270081648021778,0.6759447834331288,1
2.475779145395409,5.5099944734939745,15.542488077492353,20.68250712339571,26.547794847414046,23.29161508830718,5.94982124450134,1
33.25797678410281,9.016985298670402,0.4917434168399697,14.836090522442314,4.251731335107965,3.423638881132083,34.72183376170447,0
0.23733136940001345,5.225989568344406,12.472654752762462,28.7933647596189,23.043801963555566,18.23519664055293,11.991660945765718,1
0.6581523374486243,4.6920010482556895,21.016771083884628,26.525435172525043,23.656909490513755,15.176808638259399,8.273922229112848,1
8.640814083479153,35.07478067461192,6.244106464479473,12.642142603039808,0.9905033197946278,2.7063610052291494,33.70129184936588,0
27.81528273155741,8.07517490984379,4.203831423072391,6.2361000183869155,1.0297079316313518,3.4635444340545773,49.17635855145356,0
2.0014535261301254,7.142828488177145,19.992818929168564,25.312707369722443,25.02291637093883,15.684226787891031,4.8430485279718765,1
1.3755683819622975,6.003262044184088,21.86129058330982,18.28366595709394,35.20570094653817,11.633800120497618,5.6367119664140555,1
2.6342550705894805,6.373472662301621,29.69497254274613,10.972674724000251,29.400750263743426,12.152799592817578,8.771075143801506,1
0.7066504905727062,11.447728375309557,29.77886481905017,18.081831544914422,23.264436280595564,11.766416764907541,4.9540717246500225,1
2.168950641346459,4.9298114826780735,22.78936630027007,19.245612856363575,26.905146154994313,21.494580964651632,2.466531599695875,1
34.90582795980549,1.663030804215074,6.3935889192368585,1.6093034390645145,7.855369940225852,5.927684638362648,41.645194299089574,0
2.1151361001591003,7.653261780635584,25.56866988520372,23.385959311563017,20.395121638446728,17.906608851328823,2.9752424326630247,1
4.68506229774017,8.447206020382279,1.4174607402161175,25.43748435285242,5.2279008166504095,6.229485054487119,48.55540071767148,0
28.586587591508817,1.6107761862776304,12.909073646095528,1.0428440881094267,13.853268041406311,5.829189765392832,36.16826068120943,0
1.1084491323974195,7.2598986526166716,9.604497322138622,19.40136176869656,30.26094467242061,24.844261325980128,7.520587125749997,1
1.6771297083014356,7.888149730728573,11.063180133143476,22.643415932970722,26.13170850526251,23.128928373955244,7.467487615638032,1
13.78769635584914,23.176898838139014,2.8217532989098473,8.960761283001865,3.7855727081888273,2.130346586899146,45.33697092901216,0
2.3700563109224797,1.0905399478145232,6.382256473094484,7.12973849320073,3.0598396934453786,2.447097594487723,77.52047148703468,0
43.43545341366447,3.5378133841160397,0.8969581800173049,5.860880997521029,1.4312135326353292,3.088392900867125,41.74928759117871,0
36.49989228161195,6.794030578328618,8.822212313536278,2.6314454780833016,8.445158243177357,0.013425944350599364,36.793835160911904,0
37.999493952474026,13.6041914783495,3.8437153794701104,15.298884047115363,2.810064528814808,1.7794995959136413,24.664151017862547,0
0.5614744275095365,5.801405300988014,19.772045981885064,11.665627605596415,26.35173307298993,32.3263701041927,3.521343506838338,1
27.322036298046775,10.127360154094593,1.1908881178222364,1.3130430340947394,5.997219919514531,2.4810621803589243,51.5683902960682,0
27.419102395786936,10.846537014988545,4.780691445621572,11.905578953807249,6.149534238176458,1.540771019940387,37.357784931678864,0
35.4576898108671,6.075855886777417,9.406886316525641,3.1079589303925808,10.72217020482993,1.3042270514024992,33.9252117992048,0
5.292783319842413,28.74008909961332,0.25453298306151406,4.620111750658779,8.038492949532754,1.5022049539277333,51.55178494336349,0
35.71798655953223,23.03196156518371,5.947858972513421,2.4084268333027365,0.2999387565592892,0.01961876229049532,32.57420855061813,0
38.55682218996247,0.4296510719849665,7.735887507838199,15.333014229801009,4.52885591329801,1.240054934291373,32.17571415282398,0
18.68037268898911,3.5145825517620675,5.566081109539728,19.337840474696737,5.850400246168743,1.617382850412221,45.43334007843139,0
2.362909254361563,0.5597318318357357,22.424549101527937,22.82943998434784,27.242895217980973,11.54296254930698,13.037512060638978,1
1.2214668730409983,34.945728075862974,4.531229463223683,7.993105332243154,0.8586696107095513,4.261316095223756,46.18848454969588,0
1.1987498207601561,5.151940009474833,26.18004657329599,18.203328547183684,34.774651014028066,5.6105099531769165,8.880774082080361,1
0.6483167950768327,1.9203051838669554,25.64397680870846,21.099668174284623,33.740881690813175,7.310656892710675,9.63619445453929,1
3.1817388767669605,9.72225596701771,22.75891522396524,22.63025413034531,27.896843179708615,12.249509092215932,1.5604835299802444,1
3.5363512938197554,11.548490146816668,15.718077559785435,19.603265809401922,15.314645621408864,23.451878698209804,10.827290870557544,1
4.5079127902387865,0.23166222294491698,35.19854304350886,13.385293433458658,28.772374990856626,14.042059930338155,3.862153588654007,1
1.0130604337333846,14.438216263057255,9.920389027400079,10.70375916720711,40.483798911308746,22.720827555571766,0.7199486417216462,1
10.01707220810289,9.369836622151249,9.314233798390328,21.990616659459413,8.626281004036592,0.9936166390960417,39.68834306876349,0
2.458914212150974,8.702868747085216,24.203086431891233,30.257593006984678,21.46731670984493,9.348992319761724,3.561228572281249,1
3.0436111656092137,3.069678617470485,33.6622704560089,17.14151001348812,36.70025397742854,5.905852882239793,0.4768228877549478,1
3.02307286493491,13.585976900796629,21.364220384880053,19.872073146197547,15.788672748659483,25.426243498541368,0.9397404559900119,1
0.34374839597126605,8.421861706059165,18.92146656466455,8.817530397352252,27.249503673608295,29.800194108032706,6.445695154311765,1
21.269264314983623,9.515672033841545,10.922586508866003,11.788663045369635,6.43564588461854,2.4625639028640576,37.605604309456595,0
4.243174916506733,14.732959584076182,31.19081350139111,20.60726514222644,18.515228046889373,5.2942433793638655,5.416315429546289,1
1.5271611924438684,12.414756334606613,27.728660586715236,19.267784887680246,29.642309062740583,8.597468902507117,0.8218590333063275,1
0.3135266082041848,5.673769876877439,25.929328708596323,13.233729930876073,28.33701906826132,25.716857243592724,0.795768563591946,1
0.38201857820468227,13.86881916574001,32.338631072143436,22.026522008230927,22.418675847824655,5.307422461094493,3.657910866761807,1
2.058828301672031,5.366070341943172,26.372486203304103,23.23358930319283,29.511463999478377,5.038471934732341,8.419089915677146,1
36.86995284537981,13.900642961992881,4.545795451585357,9.818623732025687,2.0786986423166254,3.7852316019405285,29.001054764759104,0
40.90652342551324,10.242637936855184,7.369345360987713,0.1632259210928154,0.14728914359950263,1.0541990818001385,40.11677913015141,0
4.89458157854045,10.638563396691563,29.583171146531402,12.328894107394918,23.702904129634543,18.28062021972698,0.5712654214801406,1
1.8021364127079043,8.971203316296773,7.659654511454566,20.12781310370011,21.42169215448103,30.245328333689926,9.772172167669689,1
3.4940093424078174,2.295856981904664,30.330786701621232,13.087184243063588,21.768988442060927,22.779362137081982,6.243812151859796,1
0.983016117065315,0.8147863083725329,15.420362074210045,18.8552284082745,43.86686899144034,16.767518210101105,3.2922198905361695,1
1.7863829798943396,16.258142739385782,14.831887220378867,13.458020894786582,19.20409014007756,32.808635264253866,1.6528407612229952,1
1.8512252520133485,1.8469667910881444,14.177038846627713,16.00578772051448,31.3062827902911,25.76670412250519,9.04599447696003,1
23.62959473105171,15.143524572519581,5.1696683630497215,16.01001070458018,2.05854466985658,3.070854206720932,34.9178027522213,0
1.58252902254135,2.3456379954744784,19.0311460881022,15.350810516701902,34.223149776339255,20.340810090591138,7.12591651024969,1
32.09419482780701,7.021560021898107,4.833843877613806,20.00787609481495,8.068209030931005,1.0622351007242892,26.912081046210833,0
24.982521091476297,15.72617924663523,2.7023781973086844,8.279101527832648,3.696392616283618,4.167509102885978,40.44591821757756,0
2.4799497911540684,9.334446478688777,24.632715558900898,11.478622940456331,18.451767570131864,26.20424120016841,7.418256460499645,1
0.030830290523823863,11.189210678012493,14.151852144380186,19.49101995891094,27.056531658806993,20.608875928904816,7.471679340460728,1
0.04542123390988828,7.20108390206836,31.652205769554172,12.98461032468843,25.672232230330895,15.890647774267716,6.553798765180523,1
35.15727594390029,19.488000717068136,1.8935218816397494,14.114587434306447,0.020403092934438934,2.8831935237254442,26.443017406425508,0
0.37070351931061707,15.989403638644776,0.7381844176754885,24.36645451305121,5.804417054775121,4.891302119625131,47.839534736917656,0
31.84103355002551,25.75625954498798,4.2373608630549064,7.969209743135462,6.297969167789535,2.108604942925598,21.789562188081018,0
2.1564233622232325,7.239234049849899,17.9038866637216,15.642939746716342,26.251976199045846,28.541800353405172,2.2637396250379203,1
2.0681343289210092,5.028625135141039,19.118033404133268,13.843766521210387,30.819626414322986,20.89625364437847,8.225560551892833,1
1.6881603210022966,21.16631334015945,0.8444995254825937,18.777546944490307,4.326962756407973,2.274091376202352,50.92242573625503,0
3.5343090544789146,10.71317419094923,21.84404964023631,24.04303282719371,17.340500837079368,14.195180919320558,8.329752530741906,1
35.93180831823807,17.71072377391529,4.555583702113606,5.206463054256739,1.637258825458619,2.4087165863908453,32.54944573962683,0
6.099654701344726,11.143312854200063,27.836506480382244,15.339727856607627,27.42193532317233,8.939536094450448,3.219326689842555,1
0.18280883742012136,1.459777126388121,15.370059949350345,22.48994374210576,22.472683794160833,27.608282533017352,10.416444017557467,1
0.7564987366746535,8.809983445804084,8.943171815585767,9.10914707713098,31.99462990421102,33.54455515042724,6.8420138701662445,1
36.68546534703969,7.859648849406138,0.7428136074787343,2.8328416244429206,0.4692285730771463,3.3932972193357696,48.0167047792196,0
2.855148254707744,3.6834685983240996,15.880476005447825,25.30736827490971,26.037855810218225,20.047406895658614,6.188276160733782,1
3.3499131058907397,10.708502882940287,31.168710805262872,11.366123656382165,17.752915226032556,22.57966092044313,3.0741734030482375,1
37.92158404263814,11.941909393549551,5.410000448185049,8.331831426533347,3.1362545941719957,1.4182098251712127,31.840210269750703,0
27.166905678063685,13.616117016744441,7.068968029642717,12.253496948319945,1.504150162722537,5.70751210008463,32.68285006442205,0
37.91756924451211,10.61945149585449,3.479022370772187,7.309889494145083,5.53874873290521,2.237274566005921,32.89804409580498,0
23.08238717875203,13.045515696876922,4.216268503392221,1.890682291636696,7.537763076628315,3.747473125184405,46.47991012752941,0
33.35466321780746,12.248575109326005,6.018185959752552,4.374157175919914,6.238169769468574,2.289745489560007,35.47650327816547,0
0.40274233127487336,2.5429685312900867,20.311379434909096,15.280013840277388,39.27963501018053,16.51246048079337,5.670800371274668,1
5.0381721243109325,27.076119189423647,5.10716179957743,4.587247196608099,0.3212652359649951,2.368863718040602,55.50117073607429,0
1.4693630552658552,1.0744144751742477,32.86960792225505,18.356931336543735,19.516756396467912,19.414328080122996,7.298598734170208,1
14.290819684747587,24.037316321114137,3.3747042103768434,6.061787363340459,10.594861441576118,3.1314455890062995,38.509065389838554,0
35.810241855948114,18.544586468705266,4.283936733801713,11.216560607819424,6.623435625558893,1.374992395040544,22.146246313126046,0
22.02889836851254,2.186345217228549,0.12348091454783962,19.20756959677775,10.139671137773048,3.559030629851718,42.75500413530856,0
1.7717159576404646,12.5155883704056,22.781502028657382,16.024693095349093,19.978545222272345,17.935186776291125,8.992768549383992,1
1.810497365588043,9.871938561815094,27.546078792273942,23.691276714439443,24.45691231252963,8.902397592516907,3.7208986608369505,1
33.0656656819557,11.244969239960296,0.4492017771346461,10.261850312829997,7.710872541677201,2.9753081071155276,34.292132339326635,0
3.0965895158084265,16.64631808984215,14.721335130939158,15.913305104128018,17.664424082492605,20.326543222405103,11.631484854384528,1
0.045484402311921045,5.1141315206297815,28.93814449799832,14.603995201752468,22.500558467072402,22.02291548285238,6.7747704273827285,1
11.222291724495438,14.876069103590094,5.845548471914755,11.491107903777952,2.3031583690109874,2.8360563155667933,51.42576811164399,0
0.3317932985063424,1.5688647420317614,15.237294106086937,26.35959535388051,31.156265851966662,14.69416881683833,10.652017830689445,1
3.6097089779292366,1.4027234951812384,29.975505412586884,14.863638727992667,33.45618743639419,5.104066278196403,11.588169671719376,1
0.038435338995903,12.833032092144705,29.201752836549318,21.49402371511233,26.19906830389937,4.748075955585829,5.485611757712533,1
3.683190558918242,13.251423865753342,6.817918735012508,21.489319241469097,5.861437329092231,0.5484065204455706,48.34830374930902,0
12.67100034130088,14.1534511138656,0.057425617288147886,19.734533109663637,6.326496126239797,0.22487995048731535,46.83221374115462,0
2.783138213571913,13.137575451138195,19.042988936162107,10.43647164334075,25.371520793264686,18.14372966803303,11.084575294489328,1
0.04871903741607802,3.7710252257150385,20.18342890476442,12.822494701766557,33.12985920286896,21.315363563762478,8.72910936370648,1
13.952998139200346,31.41527869317772,6.440942722327179,12.050666417088646,10.595933432498262,0.9191675297737009,24.62501306593414,0
39.259201954088766,16.22239569321162,6.423158715333022,8.761465352111236,1.9397965274354656,2.9159001391031407,24.478081618716757,0
0.08325616540243297,12.568786132482682,15.936515445602414,21.441998449786603,18.191332331879753,23.668881627592896,8.109229847253237,1
24.252653445576318,12.68756119381798,7.795272102876575,13.537326065732936,2.1676944694975466,0.6030851343867055,38.95640758811194,0
36.277472224084185,16.32524237487317,6.622140002076839,14.515148885336776,2.0353555555765435,1.4378403302662444,22.786800627786242,0
1.1146047897967006,4.815198309858149,25.90114431467569,18.295498854640844,30.17104630073215,13.687946955474626,6.014560474821835,1
32.70703298318451,10.001744912180827,8.74196465527721,11.129602839546212,9.168464416751505,4.494195614870008,23.75699457818972,0
1.8188506554233559,7.736186932532292,24.94585257674867,13.61720109426418,25.5426321622683,16.722602169563956,9.616674409199218,1
1.9207821785646062,9.697692306288943,7.980453490374534,21.643363520905922,33.9576365642815,17.72724424048522,7.0728276990992685,1
3.9518202927085335,1.543998087487891,23.640525319107958,9.189720208747373,28.564749405668188,26.208529888119646,6.900656798160424,1
0.724186157543699,12.315413870700606,31.85545396947922,10.306618188382116,30.630100066871556,12.549877223386375,1.6183505236364342,1
2.6943827450953473,12.463867040566592,27.669889752964576,11.425017636606347,30.53747641364523,10.145393382505866,5.063973028616034,1
4.16526442649875,9.995607947168516,18.115223675778612,20.37582534670487,33.73883064462344,5.174049491688047,8.435198467537772,1
24.34932023548665,2.2657220540010727,5.059792136543496,9.075374194596368,5.8562057562210885,3.661125718994877,49.73245990415644,0
0.3279249150374982,7.06257379035225,9.259119844484058,8.46709897570615,38.79010490682271,25.570049539722373,10.523128027874952,1
13.9342585045494,25.79473423688725,7.371010230215505,6.506257589102464,0.6452830840287826,0.1101575251048678,45.63829883011174,0
20.488337565943752,18.84305433316466,7.187202038047714,13.677112969953736,0.4700329225132533,1.072208740686219,38.262051429690665,0
29.235440405458007,14.381805667012038,3.293538390119783,13.296313436330735,2.7828486550914096,2.4551023566226626,34.554951089365375,0
15.537787020038978,24.117561488337866,4.61133143323769,6.474994608358483,4.737922215826415,2.2735842200309966,42.246819014169574,0
4.434030674562825,7.801900699859199,13.090064350909532,27.876153742356113,18.381996541293656,21.264388387623193,7.151465603395472,1
3.5697271038691567,4.490840402056779,7.287692532133909,22.14370560901682,35.99639497134704,22.202062401120845,4.309576980455459,1
2.107737654863388,0.6665212408982102,26.41778795745925,22.75160779795612,32.17836239380391,15.299229580735998,0.5787533742831386,1
33.341422996961725,12.107075414472105,8.109178322091607,4.91889653574153,4.848094059463609,0.9537469340492233,35.7215857372202,0
14.663349236684676,17.786138236094146,0.45958693184774363,14.821558440525084,7.7882786972444435,2.173746198925792,42.307342258678126,0
25.172589910124145,13.978657460016022,4.619468544592512,17.680743110524322,8.670491038868807,2.389800883386483,27.488249052487713,0
47.730824839243304,15.661504593287528,6.0149701290108055,3.633938639759978,1.6540838478967725,4.101748000278543,21.20292995052307,0
24.776851478768336,29.43025169976647,2.8787773865423767,1.452740213748781,1.0945552738982973,2.572660122377899,37.79416382489785,0
0.4286485734425615,10.401492831934013,9.849586136491967,24.692238453232353,29.258441799182133,18.338285886668004,7.031306319048966,1
1.5718791412044117,6.401498328893777,23.844318412191416,9.66898051553908,33.21373167379295,19.030276122190802,6.2693158061875645,1
42.588739160758024,13.063623264700528,4.92490938659245,8.720416550223595,4.6056105069772375,3.4503082557626574,22.64639287498552,0
3.0401343262702425,14.725375247276082,21.58668450927636,23.279559049600905,18.222357712825225,10.855946553399463,8.289942601351715,1
18.406489396771626,4.038239309967404,3.590859182696559,1.2102029328155417,12.30430282462497,1.4072719247870091,59.04263442833688,0
28.742154557528554,9.954682328731467,3.297302881084522,18.527032953811513,9.345337455906702,3.106375586856638,27.02711423608059,0
0.13702102550961137,14.712565492385174,29.91179217157407,15.024783392424068,19.1838103068063,16.971764039101952,4.058263572198837,1
16.590061120453914,14.885664575724963,7.522469082785991,10.793102837293732,5.647505593352385,1.890262288606868,42.670934501782156,0
38.56059743510076,12.98830694322309,5.6561823267728135,13.471655579283572,3.164044945648739,1.0117633344621,25.14744943550893,0
28.769358565750625,0.28269961046692865,8.692180278838013,13.76299124750415,1.8440253961438275,0.08326469978928171,46.56548020150717,0
0.34770481529238584,9.001980597482044,26.157703179543063,23.05255889111855,26.838054885751134,6.038748253280041,8.56324937753278,1
0.858467436053009,9.585270007458181,14.76334926915713,13.183449002814074,25.86727274402398,31.557403367198667,4.184788173294954,1
1.1558569864860841,7.543879619114939,23.44728372554484,26.173652373430308,23.178036897405285,9.0513585392771,9.449931858741428,1
40.24350256569488,5.925278848283224,6.260391226280309,8.13294690252866,3.3329765883011424,3.7464137204140697,32.358490148497715,0
10.525070605226766,14.311478942420136,9.814484053420387,7.811969449718362,3.5737066106497233,4.350284729888947,49.613005608675685,0
25.040486138439206,0.5297705883408675,10.694832137514693,17.33521798791742,3.2139243585733674,3.360466849971938,39.82530193924249,0
1.4185949249007463,14.046658217005515,26.064552050530942,9.305183363276686,35.2414832976156,7.446218433944965,6.477309712725539,1
15.329662641235442,22.42405362751476,4.993482975075613,10.951032456222526,12.344265074080687,4.6768106412809995,29.280692584589968,0
7.352008053038558,4.504253321169557,11.731543548176699,15.037202649665401,11.465836843547486,0.6105520293590165,49.29860355504327,0
2.163121248621429,3.541896313675572,30.660805018566446,22.72465254943449,32.887295146572,5.831346499327604,2.190883223802456,1
1.3957457421169572,1.2684206354522207,15.075296787666959,17.37313388114424,38.990565394519614,18.7326834459844,7.164154113115612,1
19.288960187052904,23.79265344540605,5.767493255697531,9.729372370795756,10.816359281199665,1.5861017526421752,29.01905970720593,0
0.6457555743502464,11.611069660586093,20.23248216346633,17.74113349659821,29.05197448354102,15.204323113406879,5.5132615080512135,1
2.2226512109463563,4.557967877758469,33.88109534233975,19.442980927190156,18.40900055179131,12.439962138952222,9.046341951021722,1
22.10326548542609,30.600665072669113,9.219015610068453,8.707075980704975,3.6215817105418378,0.9543359869977683,24.79406015359176,0
25.170596323442034,23.07977011130599,3.79605850063725,4.508338118949988,1.2441890648945975,1.5365927418945802,40.66445513887556,0
37.07489841508551,11.222002598973907,4.974991437186857,12.173701834744366,4.785506936769515,1.1389652643994874,28.629933512840356,0
34.87787217917397,17.63389368776898,8.53953063652363,6.179133120430345,1.9287694589618167,3.7471308249957063,27.093670092145555,0
0.8192255765554033,0.998802885318206,17.3899947304412,24.001073917431476,28.739226981202666,17.486179866381935,10.565496042669114,1
30.766227525725625,20.677438531204242,3.7744608204154937,1.9254291568873216,3.1323479436330475,1.7515690018417192,37.97252702029255,0
1.5753631799252958,10.62936272172438,25.772904326019408,19.721652649464833,29.434506033796705,12.573322755620083,0.292888333449276,1
15.061267201179401,25.38803474793747,2.814005943256409,10.979542484540874,7.17623610185049,2.6944658564802824,35.88644766475507,0
12.187665247360135,12.906507413792909,8.62476870049704,17.737678154086616,1.2640614898052385,4.034836524365632,43.24448247009243,0
27.536151922757245,21.91083855621603,6.368599731602006,4.529221954277231,8.41661524355738,2.629666051368221,28.60890654022189,0
3.283881893530775,3.2025506271991815,28.397311780985383,22.407253356831323,25.084924229497375,15.115037037797121,2.5090410741588447,1
3.186599178936747,8.142483428169161,19.636102364765627,11.837732057992085,18.189852548339648,34.160170041683244,4.847060380113503,1
13.467912343843851,25.642115057848525,2.3411706725369785,13.519851284188517,7.074179540740774,2.2429812607810518,35.711789840060305,0
3.3021206407281887,5.208495920879601,30.375304560480014,11.81218649422647,25.209698814098324,15.217033105974338,8.875160463613076,1
2.7026607270926792,6.6699265822032645,19.04596470718452,24.688369966146766,16.689504546623215,26.020236843171823,4.183336627577732,1
1.9143473270316977,3.0441909473789686,15.507836067826577,22.9398942118152,26.749593603586668,24.04929683528282,5.794841007078056,1
24.42708881532226,10.02322590600209,9.727513631165994,13.097013880818176,3.746021474745505,1.8277205809373618,37.1514157110086,0
10.547715204969238,23.030014666864123,8.49385201540862,5.999941514774471,11.302695554073983,0.5620337425645714,40.063747301345,0
2.526424385766524,14.709178987670832,13.894087290352116,25.893105772391245,30.316190317611703,12.227108077743372,0.4339051684642173,1
2.766947205418437,6.742887640834702,12.973178744444944,22.25415204881578,25.20544964474925,21.402469752955973,8.654914962780927,1
43.64973562996936,15.190526697168332,0.2318051198719457,1.4358327037317393,6.911639533532032,2.745455631977051,29.83500468374956,0
2.4407441410352355,12.594482232948371,20.07011434747556,21.334319139925604,28.92134220696151,13.46184852809698,1.177149403556733,1
2.5559311622878966,12.35214504247056,8.095403185666452,18.722590698046503,24.290584609779952,25.109302330417304,8.874042971331326,1
2.113433619930237,12.970931338653946,22.054035127495847,8.6532783852334,29.33105039546134,13.17418966141039,11.703081471814851,1
13.242177668341377,14.090776249286604,12.727546899185988,23.31369701112134,8.705591313485954,1.5142650496812005,26.405945808897545,0
16.463508627172438,24.432039132052378,6.888254809509322,7.759769893321305,7.857230471065119,1.8203092271595995,34.77888783971984,0
1.43499764390748,7.02430909999275,13.353103975551814,22.46662787443193,27.218577775959744,26.809798172701065,1.6925854574552022,1
52.00282166893777,10.703179704765127,9.233501542604488,0.9359258183312503,0.17987210914607824,1.8613943660187366,25.083304790196554,0
10.519712406029827,5.182178777642912,11.709489731580783,20.392498997851042,0.09432608905129135,3.216488853669702,48.88530514417446,0
42.408005337486216,21.164768191568992,4.428806592962982,0.3484685641551552,1.131901026471828,1.1654023890580358,29.352647898296798,0
2.433909171158718,13.75172992899899,17.21152360228737,17.37392651396798,38.99407385618267,7.324107691479403,2.91072923592487,1
2.676536103334623,8.738085119808291,13.279609131240564,29.4481135854096,15.14521037052267,28.86296068095958,1.8494850087246706,1
29.75261312573469,16.05599394361366,0.437923956994453,10.332442192576165,8.069101528094969,0.3986533277006198,34.95327192528544,0
3.8136812864339515,3.026406896954455,19.35805036423196,25.207505915610827,38.165510130742085,8.373093921644937,2.055751484381784,1
0.9013032799410894,7.607277496379747,29.615203444460843,26.54805762049571,17.450674735037687,13.761794217736961,4.115689205947953,1
10.949800058193048,24.59582516771168,8.696858186872495,22.110943578154924,2.552306436416878,3.3719119096524155,27.722354662998562,0
29.005845746053758,3.1121483370894545,5.997709835500561,6.28799971263546,4.509505813403017,2.1955448346264577,48.891245720691295,0
2.052963257475627,6.5760873949133565,22.485660564693973,24.39662747700843,29.79450867325693,9.217712941720556,5.476439690931125,1
25.974300530777803,11.290184151146644,7.761950282188777,17.85185582519361,9.115921313177175,4.869334671838922,23.136453225677062,0
0.43821245311026163,7.092407446499702,28.12963291407608,14.762683221475628,32.139007812343905,10.54336633690156,6.894689815592865,1
33.52617323276257,0.7157947845010124,2.745058988845871,18.82628951875641,1.1448997622718342,5.063896719870135,37.97788699299217,0
23.295193892161954,1.3039766624326539,5.93872099174096,5.6645348200098455,4.024642908531837,0.3427482017520592,59.4301825233707,0
30.58706347539872,7.1149677763050105,5.19426349352455,12.161007019734123,3.696406100976439,3.9235692477897253,37.322722886271436,0
10.679487333310696,24.874588033072314,7.22702453614294,16.711620113830133,10.816680556907592,0.19697508284236623,29.493624343893966,0
4.1120923412237715,1.567825471515552,14.34364023506132,26.928627313991488,26.263024683368126,15.37263198667573,11.412157968164,1
2.4314899186713874,11.788632262687536,21.732989857197058,10.039670959842836,20.941082215034854,23.738328240382007,9.327806546184327,1
27.767028772589498,15.962713433542183,7.516176073217666,10.806354532904763,5.00678535974605,1.5710533668233106,31.369888461176537,0
13.237605630494457,15.831984828873798,10.640118260653596,1.9442545642331732,8.272120884264991,1.695622638741581,48.37829319273842,0
3.706364462658663,11.11800014461794,20.784027199324303,21.71893006228261,17.2039953177507,17.549653486041983,7.919029327323784,1
3.3509473962949827,14.867063408572642,25.941347368767264,25.910277751846955,21.240455749031216,7.406189179376968,1.283719146109972,1
7.034776714433663,14.874183171944264,12.248981778596994,17.155914073787642,6.110830437400086,2.6616446118924793,39.91366921194487,0
8.209584203178304,6.44012358265762,2.057179748862487,18.312293462455674,3.783646728391877,3.6394396898096057,57.55773258464444,0
17.88405612558649,14.86775727303039,2.613593243738817,3.066954943284735,7.483621294077156,2.0238219221521048,52.0601951981303,0
1.8243005169600832,15.149927555276493,12.691905462271125,17.999327175157973,39.15603858299689,12.10186511773804,1.0766355895993915,1
13.26526930761824,9.817117445203282,5.5902401805869655,17.080052423308096,10.71546108320006,1.832496804879964,41.6993627552034,0
32.32281436259437,3.0597457346717967,7.889909577282765,8.846326480169589,7.1687987619000495,0.8846821021926755,39.82772298118877,0
3.4880732575960813,9.0395345856362,34.12786624987819,28.670705720008847,16.869118641555577,5.487052178173278,2.317649367151829,1
18.10868894401536,18.097882682809217,8.438631717793891,7.01821259092595,3.3947626848189603,3.1686176952656036,41.77320368437102,0
0.6859180830431015,5.369693761632603,23.327117290539686,8.827986897258668,36.08842507499035,22.571407869310008,3.129451023225592,1
5.485082607867383,8.260280838352392,20.268327744514277,22.534145526740645,26.211625245810318,7.921669518829572,9.318868517885427,1
2.564442298944226,11.394303838079834,20.921408942375425,28.500020268725052,16.24521892989067,9.288533613237684,11.086072108747109,1
2.223463904047579,9.1613730588474,24.73639340613643,18.809246448872887,27.767295811365145,9.074721839318228,8.227505531412348,1
44.495936619697304,5.833277825696515,2.6428048699127125,15.618552926224805,1.7032271431005992,0.3785736450837837,29.32762697028429,0
1.8793413090122009,3.5407644567017837,16.413845069825136,16.523601392188358,30.869914994825148,22.017818404710187,8.754714372737187,1
26.48290702150974,4.7394220833257155,8.622914082240865,11.730208229722114,2.5912643254048877,4.212997543348424,41.62028671444824,0
0.1414697741552652,2.1725877998984107,14.773262217791522,22.459787803555795,28.19378103898104,27.966418830284884,4.29269253533308,1
4.399482446689973,15.272101185521045,9.589152696511032,29.2540202593228,22.785147879097405,10.695829604672404,8.00426592818534,1
42.13217410745523,3.0503177765951452,0.7771929255363346,18.073498571426583,7.295424167560549,1.9918099784181051,26.679582473008058,0
13.0032614423815,17.374541632494882,1.692953218691921,13.957435409036156,3.868977715986785,2.783816340116833,47.31901424129192,0
35.05972812620431,15.34424231041595,4.997756362539736,3.6920040728778294,3.75368276069874,0.14654669104926674,37.00603967621417,0
33.84706676449736,11.563300110394371,1.1829242642444608,13.096074542211845,5.007284980222463,0.9630823977899411,34.340266940639545,0
3.406196084428897,4.6467874912664655,22.888595887919386,23.527428381221114,27.700065726762947,13.542129687090382,4.288796741310825,1
30.710382933997728,15.296174212927333,5.670381419899704,9.466576289495984,0.15835463522060192,1.470893950885491,37.22723655757318,0
2.6044559107309873,6.587381604535503,22.48826277877331,12.353064317990995,30.408011838563308,22.9100943995325,2.648729149873396,1
10.328536676141601,19.5640374894812,1.6831716951625781,15.423071204951471,11.148425454301975,3.2151948139348026,38.63756266602637,0
2.332134004843422,4.351938816330062,27.463301195202366,14.110736063772691,28.195501725560057,22.616574096963944,0.9298140973274585,1
0.480629794817131,12.006188992913891,21.86166531674316,13.463044511786784,17.7534017279597,26.812550069066283,7.622519586713038,1
1.660229708732574,10.41364118369433,25.284292300714945,17.29518969432105,19.26517652957765,17.478266965581458,8.60320361737799,1
16.17112648782105,22.356437419804397,5.868156487824588,13.054861764623373,7.493376508730601,0.5701583090964597,34.485883022099536,0
18.023070780464334,15.713280491655654,9.78454490964498,3.957912970355979,7.576805671423707,3.3820395107832413,41.56234566567212,0
3.3553222471764648,8.427974369896523,14.8984934321893,28.415880188769787,18.400412246762247,17.38788844252435,9.114029072681317,1
7.244705630481704,19.258483952180132,12.569452955091698,14.18958252844957,4.913670302139175,6.990260324311409,34.833844307346304,0
8.868292915779568,13.981644969724819,0.5802863901918454,4.324218340176576,9.704134168172661,1.8804977157160403,60.66092550023849,0
26.81563421892251,18.3331669883344,2.110575728166259,11.49359126547383,3.776814041381386,1.2331760666837805,36.23704169103783,0
2.4420252723732636,4.459042696519084,14.869601249234545,24.767089710023928,25.388072448490075,18.341641509084212,9.732527114274886,1
2.271718058417766,1.4459364542032964,18.95395791933887,24.63165471472259,30.698103421968316,14.652245996420083,7.346383434929084,1
3.0171850367085944,9.596352363724037,15.691381100154663,13.79586436064586,24.061345465282482,24.926087482171717,8.911784191312645,1
47.81398867090697,12.008053682059327,0.45054088532030706,14.350223564792872,1.6017672552690914,1.6259898895564597,22.149436052094966,0
38.56466639339304,10.774792493384659,7.098209991820259,15.309721949072062,1.3634173603939796,1.4273155212631827,25.461876290672812,0
3.528564132719946,6.95315807221969,9.528562990918585,14.80931185597889,33.60606123352241,30.543761536709628,1.0305801779308472,1
28.375926143355652,16.620531205887982,6.923556557306279,5.555025813071186,6.696343962616169,2.0054293978955093,33.823186919867226,0
15.364437928260575,10.647667758128414,10.100498355894718,2.192344915646101,7.227547999085049,0.3071594592427161,54.16034358374243,0
2.9599455784629467,10.834958628824856,17.271020834389283,9.857924890722064,29.403819983002975,21.07990992216996,8.59242016242792,1
2.611075134710099,5.116789918154254,13.898087751369944,16.785722268145953,46.272835277417755,11.222806849462707,4.0926828007392855,1
35.63390656160617,13.815779191572108,0.20546301388191177,9.65512573230618,6.790592719778971,1.0033654174269908,32.89576736342768,0
0.22786274444296867,8.061500248089622,29.21233458583844,10.592706163103681,21.07350515197185,24.638303160960263,6.193787945593181,1
1.6741053408135982,0.8395935395802715,25.811115657548907,16.108951748948993,17.56880030835456,31.106145121439035,6.891288283314637,1
28.322051375739882,4.998619404896557,3.417619250183227,16.305525742693046,1.7353866382115866,1.9905376782145108,43.23025991006119,0
2.672968007085291,6.89083531126279,31.14969567085288,14.93006198544587,30.957503959623704,8.337311161854565,5.0616239038749,1
3.488465279686349,3.2617586623856685,17.914176058660733,13.264227531556871,42.32778265137545,19.587365289455445,0.1562245268794733,1
1.761614740392782,3.4570226859466953,10.264742270307142,28.814635410439422,17.376830649851865,29.232106424656383,9.093047818405715,1
2.839422401873005,5.834783972993374,15.218265633389109,27.07676070876396,28.11032212416165,15.529681180540061,5.3907639782788355,1
0.3379702972332811,12.497665543847054,10.845802080012307,25.77766498501476,25.235835227112624,20.866011447452003,4.439050419327976,1
3.0389076753383435,5.561948927328481,23.406755878198226,8.738487317876618,24.89815461156676,26.92911947760329,7.426626112088281,1
1.0211271988261812,9.098378739212915,17.827155553625175,20.653542946065123,20.705438955200247,26.503453498233675,4.190903108836679,1
43.4145802919589,14.812488043866933,5.632430886906624,7.604454314084714,3.885711529368116,1.6285721391788723,23.021762794635855,0
0.9305168747778558,11.679853079461843,13.188239238762694,7.889849385128128,36.48456091683544,20.92272304227172,8.904257462762322,1
33.06604826393988,21.807661933307276,4.080872066723192,1.9201415907347936,5.124568398311225,3.246049857137587,30.754657889846055,0
2.923834373877861,2.3843057272663883,10.080130320394243,9.309947539984067,43.32295492805927,20.015270876141575,11.9635562342766,1
2.5233000334013553,6.559822164253583,23.829074522699294,18.413410276812925,25.51471278314577,12.669485852094391,10.49019436759269,1
2.6171463857977537,11.68672382763116,7.586198665027821,18.738322184585286,28.555580102865,23.05015720871761,7.765871625375369,1
25.735333163834834,15.239795191446296,3.925860404908571,10.697328121146372,5.435496984918961,2.2261467711764547,36.74003936256853,0
34.93070129390313,9.781941629623207,3.525880178137428,6.390844106491484,2.9048661806273186,2.5443598761667268,39.921406735050695,0
24.57655358317002,0.45335093734897397,5.0034612032490395,9.250766964825198,2.98273823012384,4.547912891904339,53.18521618937858,0
0.7386025807755808,11.98543096357794,20.304963086608137,21.719277411771685,21.81102282368077,19.48248102886679,3.9582221047190926,1
11.293973132331733,20.896357058418946,2.3041859555494417,18.06017806388939,6.660408773646682,2.834973790997241,37.94992322516656,0
1.318883098536774,3.594155794125855,25.564232105561757,21.1620058251144,28.27335643266837,17.856221426100948,2.2311453178918956,1
9.285877948459383,23.82666536942558,10.629946776457944,21.662134248829926,8.149441189559006,0.08363169752932739,26.36230276973884,0
0.07513564181134708,3.229727961764792,13.8726295395379,22.755396199770153,33.57667816965549,25.85569681945323,0.6347356680070858,1
1.7030284202254844,9.56939968774635,18.82815660889079,8.838497125216593,31.715657814196067,26.062499397677524,3.282760946047192,1
2.229784314363243,21.008373565189242,2.7306033085932335,8.099142488589797,10.958906388037363,3.776456051472777,51.19673388375434,0
24.67854842804172,15.031920586069198,6.260583389497317,10.48632166308947,6.3594059159375576,1.4979925122398916,35.68522750512485,0
35.057016262392736,23.29598401106675,4.857879521562399,1.0113736217945262,7.725326329811602,3.5134792237156023,24.538941029656378,0
0.5805351021390694,3.265806432536982,30.93265019976127,26.768328199860044,26.98384765402074,5.651504771056307,5.8173276406256065,1
1.9001681856674095,9.180230798970399,32.27158599477817,20.011123539944904,20.06167633217793,11.804386647638802,4.770828500822373,1
0.8723938207946199,2.8754904364210847,27.277430713164776,24.6397787858416,19.315591953925775,19.72801478848735,5.29129950136479,1
2.834252642869112,9.083443989545835,25.982814852019942,22.87758515497962,27.13150895816076,4.830630859503163,7.2597635429215694,1
20.516598964603656,28.984398302924134,5.319112592157229,11.822911992787153,5.6805825478951935,0.22260601440421265,27.45378958522842,0
1.0490479770367562,14.959719444259006,15.932785732850544,13.346448944459283,35.91110073355903,16.166689090409196,2.634208077426189,1
3.637469305361306,13.31623634704313,13.33526850094581,12.303918254549371,29.50285668301074,25.96065887124988,1.943592037839752,1
0.09278595012125143,12.18393961846784,12.308947613531409,21.25638154420553,35.25772958926446,14.361829788252074,4.538385896157438,1
2.0969531179056795,7.521553556968972,19.83703922679496,9.826200252863599,33.19962690264237,20.06618248800695,7.452444454817458,1
50.14860899169857,7.931570301162698,4.378219178442134,6.9710032579153856,4.011510864451462,1.2790578479400965,25.280029558389632,0
40.050730630492744,11.983671357664354,6.993142767157007,7.3830366339643625,4.961160720765312,2.3550551371949324,26.273202752761303,0
1.058811342168839,7.049413824246812,15.43132593035024,17.407348456127853,36.10886609820811,19.701854186347035,3.242380162551104,1
36.92279023294881,20.345655591150365,1.1530605158438396,15.926901657428616,1.3928695153713806,0.8511290239759507,23.407593463281046,0
0.254775419010702,10.469649858276371,29.578865904633695,26.959731923402884,18.148307458745467,10.307820923725076,4.280848512205811,1
3.209626475489457,1.218138063458287,31.921852662573485,20.043222672029053,19.676220036664805,23.11387646936253,0.8170636204223765,1
0.5619032415329471,5.93918630343656,24.0561801046657,22.967848538090184,24.516084508534142,17.3915699802996,4.567227323440862,1
29.35963540131158,22.551132473206742,6.227250001212843,14.171478905595446,1.42939094562699,1.1667844154689089,25.094327857577497,0
3.7447683264208838,14.631504162626275,8.697695357863049,28.98027286614428,33.35509929824588,10.18579102106337,0.4048689676362644,1
17.12077396933938,3.4677929869644295,1.647434976769601,5.35909947024521,4.439241704965128,3.1489551456280123,64.81670174608823,0
17.465938737768244,28.334733027853936,8.123874555104585,15.978590726381872,5.644033807990081,3.82350049323703,20.62932865166425,0
2.963876900413748,1.7283143867641622,16.57773060892684,26.33040357717638,31.36502605480274,19.94828967572811,1.0863587961880121,1
28.96244361374045,23.831714039787382,7.060566085344553,12.12024703538147,7.5705972384118425,0.45893213593825816,19.995499851396033,0
7.47962863635962,30.288522892550407,5.122546204029332,7.013278242158217,6.873278780478803,4.933817072561164,38.28892817186246,0
40.110206812162325,14.953754815872895,2.988805741144238,8.34887938058159,4.062306821145396,1.6966476069029919,27.839398822190574,0
2.4748226157078035,7.221375605499536,24.266767366699767,14.568894379452571,20.69718275128593,21.755663158485948,9.015294122868447,1
0.3424735516843487,4.043096314349119,18.34714964115837,12.726575778381616,36.42907136087036,27.834413355254572,0.2772199983016305,1
33.67429727569081,15.509666311917943,0.4403022344660946,10.057215038202514,5.003148147151554,1.9517716095023623,33.3635993830687,0
1.8776683874413642,1.6255278497783836,18.202632491640937,29.368846613625475,33.15757773109575,14.93060905894926,0.8371378674688248,1
37.065748142004004,4.769253263626808,5.524800606874428,10.11932880047295,7.07797668921502,2.0887934937487285,33.354099004058064,0
39.21094380230192,11.535083165216331,7.021365852731417,15.158734556329613,2.4264415037819074,0.7469091933663987,23.900521926272415,0
23.703758296182848,17.991506617230677,6.904648144528765,13.02801386075142,4.073957390980166,3.182958907130523,31.115156783195598,0
10.364352425914657,24.520989919917277,3.7372048006811216,7.647024382079741,7.932572893633563,5.719985945137435,40.07786963263621,0
26.72082299056619,20.153888672269858,5.354628601449882,10.419382657037588,0.3953280209911729,3.7891088741830585,33.16684018350225,0
5.766990310555982,3.719615821996567,22.634938057994408,12.342238750254324,40.13346557305372,7.129047545069306,8.273703941075697,1
38.351954090614356,6.127216376942415,4.466839766814833,9.722552864374647,0.3178454526727102,4.307006596034783,36.70658485254626,0
3.1831925356026116,0.5337789465164255,15.198836592281578,14.414832707540034,31.41035469850712,26.504135239115794,8.754869280436433,1
0.793928244228092,10.631503505007627,24.29739535259679,22.095611443440674,24.945243473982533,15.576656749719975,1.6596612310243224,1
4.965503227581679,27.291055723358575,2.894194647798378,12.539701708965712,8.60782576332168,0.9833577572274763,42.7183611717465,0
17.430298718227625,30.34494931013999,5.625282654818638,5.93574147895067,0.15882251344618264,1.6310653938194295,38.87383993059746,0
17.734353277690225,9.951287747963093,8.309199953479366,17.714228358184464,7.34232981621792,0.5094824254160635,38.43911842104886,0
3.293420104063175,5.27990555225573,25.45297446794733,15.249238781850908,21.520858452005694,18.163150144277616,11.040452497599558,1
39.74342335023301,5.988767831515097,3.016122228766111,3.8606811993917747,5.998802321730081,0.1309702805338805,41.261232787830046,0
3.382768478696719,5.108414525803853,11.814024663366624,29.940863113456434,37.28302603173208,4.641316498226077,7.829586688718226,1
2.23575295023447,1.0620648267385335,23.916581560157475,16.452962894551412,33.878889972408174,16.18509482102944,6.268652974880486,1
19.754225863668,23.884926896393228,3.4918344402516044,14.575044449958222,3.042088152756898,0.7429657593923157,34.508914437579726,0
23.830215722479657,11.296428365664829,2.479291362646266,14.49792759309262,7.357795613631849,1.6362038073638803,38.90213753512091,0
0.008460498279391724,4.388296928615939,27.08275616870029,22.148043479388832,23.84137109184794,12.232211115915407,10.298860717252209,1
6.46395182168626,7.951593709202987,4.006964947826114,7.600792092895982,0.5825642938819466,5.989470018790262,67.40466311571646,0
38.35825148261309,1.7826512476860523,5.99895100953535,10.054749394336897,3.8570576506815413,5.28221892526579,34.66612028988128,0
10.447101240852923,31.324144067587206,11.145170958125181,2.1438148451107,4.494433323930496,5.9965159857593155,34.44881957863417,0
10.618103681780468,15.412527121814229,6.438364607564884,22.830010253338777,11.59181292628608,0.35646940007941885,32.75271200913615,0
2.615681862699103,10.646260917841316,25.749741522017594,14.747487956984573,26.10590412703998,13.482646630049874,6.652276983367552,1
39.38011008150048,10.408862213037114,6.627586851095361,7.246100538636291,2.170418914431794,4.2641227384555584,29.9027986628434,0
1.662145519468285,3.2422908190449053,31.297852849257936,21.4484449983118,16.309694711167104,17.831306113284118,8.208264989465853,1
2.807057018240997,10.71215916865899,12.972898097087388,16.95402128547073,26.955326211701692,22.94858862603939,6.649949592800828,1
2.927337921739188,4.986265027062434,19.06170881169983,25.1449828624179,27.818336284027197,15.929545981749932,4.13182311130353,1
1.4507259220585795,11.034102729043989,12.279218553670452,29.692849272254247,25.657382989101947,19.745499607955907,0.14022092591488877,1
30.732800893567898,10.888357050261877,0.8327591125781411,15.685403891989228,0.3075080969860879,4.4540365168075855,37.099134437809184,0
1.7972863423427052,12.189978687687967,20.506205572721814,10.306931402758126,22.759895145233536,23.49636391075616,8.943338938499695,1
33.81729688374222,19.104657793459847,2.516610600637871,3.6175810562470643,6.740661224199604,3.503548736247339,30.699643705466052,0
15.301577811444563,8.928968756956325,5.362633706437206,12.41042100253631,3.8123781906214944,4.919171353432499,49.2648491785716,0
23.31846387411869,19.14147490877795,7.441861903213272,12.154026245455238,5.759489794091206,3.4438003091981257,28.7408829651455,0
32.78773899628085,16.42488322134867,0.07083243043501547,10.814591595835763,6.611694408944606,2.138874720334581,31.151384626820512,0
33.49318831065139,16.002710488770646,0.10368989280196533,5.454977204898291,0.5647795732738636,1.790349432053127,42.59030509755071,0
2.7339256221332406,10.369043367997408,19.38436861056094,13.830515110346228,25.279168667251856,24.615998283413138,3.7869803382971856,1
35.13844541728783,23.004011408904056,0.9187434114715329,10.824172350464725,0.4472869510272538,1.577895254069201,28.089445206775405,0
3.545134867208871,8.978308958670013,18.478582048865583,9.85842989482497,32.76615555865766,24.840186586644585,1.533202085128309,1
0.11181637285738893,5.276762763725089,25.906504841339757,9.467393573118072,27.599040132397555,23.791668050260924,7.8468142663012195,1
3.5657592690397006,0.7942411292208317,11.833864409838416,17.50628870758611,38.05953530496729,23.691318020268866,4.548993159078784,1
0.25204917105486613,2.640164876570118,18.103133605239794,20.534963158728566,26.445741502999926,29.433639722937688,2.590307962469059,1
3.7927151574868687,20.518699575255507,3.110989084653647,25.817233130163448,7.562735286878618,1.3435660697736858,37.854061695788246,0
27.546742482560433,22.095872428526857,0.7600188447508359,7.2860076590125304,6.663224173298983,2.6129445421393447,33.03518986971102,0
22.404381375039456,6.969729672528918,4.323498805359664,7.673028710805384,9.670528050584206,3.6381025378799157,45.32073084780247,0
2.2291994144536904,12.307777142793789,24.208837937303205,13.966705077986962,23.1321969772254,18.854384750254773,5.300898699982177,1
18.379448236745937,30.94199841731478,6.227643073217508,5.116116652715748,7.571982593088405,2.5390267586514335,29.223784268266183,0
0.829959826969167,14.552548176006407,15.592567655161286,17.801031943006194,41.569474418866285,7.739288920052168,1.915129059938496,1
4.07628710192,2.2822961988273978,19.23720284990246,29.58223697065706,24.37188116531187,6.280520633210459,14.169575080170766,1
3.098189538849855,9.688162720461586,21.049829593562844,22.487741716736412,30.872021311818692,12.056672533870257,0.7473825847003518,1
32.301293908965214,6.060822418531487,12.78205386515687,5.816108979796901,0.7494781615227131,5.890328274374876,36.399914391651926,0
2.6159920727426287,2.885082098146295,23.817648030282328,18.127293104015234,23.53013498865787,26.712088230320198,2.311761475835426,1
1.2284556102047537,12.855520584424063,14.11073332022886,8.71189106693336,35.11135008357243,15.494754945019453,12.48729438961707,1
24.655890255195136,23.201940408851755,3.1875057908472755,4.959787194859897,3.2604315309307172,1.1321549706257474,39.60228984868948,0
2.8652650620545783,5.99258208048234,13.52879589175011,18.86108378210045,35.445139407788,17.170723318459984,6.136410457364535,1
21.521511278257638,21.108938683721572,7.405696832579622,10.334025498088293,3.7552033527827553,2.390793254193747,33.483831100376385,0
0.5993824635751757,0.8161169406154363,27.55211495472184,26.13447815442675,16.25222591927993,19.418699306903846,9.226982260477019,1
3.098946017043167,14.666301402044246,13.443895173882655,9.626322355513295,32.75321617723376,24.144521619662065,2.266797254620803,1
1.2828570441139568,8.878365519556333,24.067026636557372,9.62563529123749,27.905928196602886,20.465256152908886,7.7749311590230725,1
1.02411382538695,11.22208951435725,24.804711804811706,17.71455071919921,36.45057738224832,7.584008227455835,1.1999485265407197,1
21.26359304782377,9.995121407432404,7.763713319966999,7.255769830595336,8.023266622137106,2.6218250855495966,43.07671068649479,0
1.847853509325674,12.86646686137845,24.780804072107408,17.023788554757896,26.812283875575645,13.214263458873694,3.4545396679812477,1
46.880491099628344,10.738014893420257,1.5469427408250573,6.831819107840939,4.086726863499173,3.1469093458583743,26.76909594892787,0
46.16586849194631,3.530781704424804,3.6604882343910736,0.6695866009443145,2.51692635707196,1.439342676320993,42.01700593490054,0
0.7196108012894591,6.329156071653321,13.474475777018935,32.86077924050399,24.385576849247915,11.756646901615316,10.473754358671068,1
21.83286759009129,5.427932017676193,10.268874073226737,15.45710792973509,0.0886827201508257,1.5013315611706815,45.423204107949175,0
41.980103752485995,14.59393544257718,1.3514085780985325,7.528968125424268,9.59018318338928,4.369258780507811,20.58614213751693,0
34.867527405671986,17.660195198039382,0.9438907135590248,5.604234383980254,4.8500980635383435,1.4891191357363682,34.58493509947465,0
0.5348259979790991,4.913532110993553,28.059679696852452,20.511726241730617,14.297516579329878,22.592082700102523,9.090636673011883,1
1.22752249398715,0.6437876100430091,13.242916653130731,23.559425923992155,31.60206794706012,29.361201194814385,0.3630781769724435,1
43.24920635221942,12.7481022959028,9.577194792984436,8.543976547234443,2.0406628225971444,1.28592536339947,22.55493182566229,0
2.8363816459683657,8.191129847937617,19.495495825125612,23.532818790927156,24.23584795020714,14.2673544939359,7.4409714458981995,1
0.3848753301406365,4.3965636882281816,15.014137919163154,9.839588570355264,35.1416489151552,28.081164110729805,7.142021466227748,1
1.7616277636083602,11.6764778883697,25.190754670320185,18.158904901538172,12.944937871516723,22.227066395856237,8.040230508790614,1
1.7798638365849526,7.1662923473910105,19.821567454105374,18.872352145501782,20.75282836440254,24.02183015411437,7.585265697899966,1
0.2720436190114929,8.580469953066402,15.920670935181974,12.797061887195808,29.1258462397362,21.53129446326402,11.772612902544104,1
46.28175959320458,3.2950411337932946,0.42249621293265355,6.208878410267279,0.9407876507198055,4.434932596229952,38.41610440285243,0
1.9310725183236257,8.165856221518947,18.699458141249757,10.644179530803484,27.016319246470744,25.185494774452167,8.357619567181288,1
8.294640175382574,26.059359144602784,2.436949729477372,17.46503638935611,7.173107420426169,4.481596222988533,34.08931091776645,0
43.8764523664428,13.012304526587274,3.540284949399692,3.2272159931068396,6.995363658690536,0.6093075821347768,28.73907092363809,0
8.211243290860187,7.3917972722160625,14.874043751881224,5.245553333120472,1.1342813592609526,8.698464203298913,54.4446167893622,0
1.7954160293024874,2.123356648184841,22.290739346371417,24.85497921992131,24.121816833221263,22.966059028160448,1.847632894838226,1
27.768920010913416,6.8242171917713295,8.001646017807282,14.787449308270991,2.6618624521910434,3.4528906435579336,36.50301437548802,0
12.943527122359077,19.32277853820731,8.006988723710979,11.847343405641855,2.4821225075017073,2.159321939751479,43.2379177628276,0
38.604084559250026,17.190084770648184,1.4351385551850855,4.747850378591832,7.720964324861875,1.1351084904814897,29.16676892098153,0
30.401853828814946,17.58255208554856,1.205970633538248,10.51008049752301,1.4594294656297595,0.3026628499139347,38.53745063903153,0
1.0585209912027493,8.78114378240075,12.479696092799035,27.027358535452883,31.463368289347258,11.03901874230241,8.150893566494911,1
31.85664223375427,25.346612663799217,1.7895736901523513,5.222121202708465,3.7689079531973926,0.9098250858013317,31.106317170586976,0
20.554593680865384,21.000272351595836,0.05002587634581171,10.938250726135085,5.856024428232254,0.8910925842784573,40.70974035254717,0
2.989030611374263,11.779768152912498,18.528651760919054,24.76289429391874,14.968100205246024,22.069070081291567,4.902484894337836,1
1.2641077831308978,1.2857064894986652,17.30512811276772,29.2083952673583,28.62285264391547,11.208851743875755,11.104957959453195,1
0.14838477884607645,0.7764076658911776,26.422226112455288,25.743551881490966,26.18533192688722,13.800918839458914,6.923178794970363,1
32.2666361502174,9.827785022429495,3.6316546563571763,10.487132098060236,1.0882891354399318,1.362056948572768,41.336445988922996,0
3.556889514217132,13.65437536389689,31.70485798076462,21.17072725006548,17.795784176757522,10.121248422689128,1.9961172916092265,1
35.47804166222189,7.893969322128203,0.5418255020889186,15.553316958553781,4.54313229960032,3.1756738028007816,32.814040452606115,0
28.5072820595315,22.980455465922063,4.6280914989713855,0.3267174355436135,1.8596621693954336,0.43969445177595523,41.25809691886004,0
1.30268437225613,9.112023531124892,13.65762200480983,24.485867203236612,24.44961855355265,16.962810291572488,10.029374043447394,1
0.2816787997652453,5.516055523071986,20.089729617658605,18.450595954734784,37.65414666163841,5.173740158434978,12.83405328469599,1
29.392223406685147,16.91836539623183,1.9046207257304553,19.015621461687076,6.313253026089748,3.288071083534785,23.167844900040958,0
6.0912529025213,16.16152365629707,10.850271334676941,4.075617373084155,8.651822879113258,3.2406862479304777,50.928825606376805,0
0.39033795183523257,11.071283871093758,33.78435572670126,9.217668087561865,35.732891128096945,7.27092209816772,2.532541136543212,1
35.516051434289295,17.362226639225153,0.3292173644559858,12.819604563227966,7.299357642606067,1.6653546938215258,25.00818766237402,0
1.6149286150767213,1.526621464531971,40.36886198431714,16.907066876848713,27.812939069059865,5.931274892992111,5.838307097173475,1
2.297115720263174,5.673531321486724,23.503865167538724,10.123877840115055,34.27954824274491,22.038501295534843,2.083560412316576,1
2.838825011015978,9.54630074502935,19.311029776111706,12.281514855717795,27.66825280099909,21.667405909635843,6.686670901490229,1
22.34006071527611,22.128717475996286,1.5361732433630906,11.382774418779015,3.346373408745973,4.476699649649859,34.789201088189664,0
32.69540102666767,20.283754333038598,4.210363878488139,6.538148249104895,0.3294511309890174,6.154844816926584,29.788036564785088,0
1.6276084677746538,10.149660667288508,16.511361988487362,8.973684974329208,33.054669408229955,22.300742185555844,7.382272308334476,1
22.57430290093825,12.155941436917644,8.50838227787061,23.15880432422493,0.37851273102070526,6.134625599681334,27.08943072934652,0
1.1762359865244292,6.203445729613089,12.443783619623472,20.54872237179043,32.42650917537549,24.627103248906863,2.574199868166218,1
0.9416948959043736,6.479422728744744,11.085451200005073,17.589664209978338,32.77872311137865,22.956746981968877,8.16829687201995,1
27.397783438158296,15.985391231968777,8.486484710112025,19.586264722000198,0.3587398031481352,1.2058266831620814,26.979509411450486,0
38.85658629424616,5.912733912680439,3.9710333159059736,4.195727804751381,1.8881236159289267,3.8931768098271298,41.28261824665999,0
1.8246374081604944,10.42778325020358,16.372989104018192,25.986363282138058,18.04699754220769,24.09907640526808,3.242153008003898,1
2.0388492061506573,4.210413675466518,16.33228779148348,15.605274689261886,27.51849169374469,29.08559838735711,5.2090845565356485,1
19.73582053375721,3.4118921054763773,6.561450447343028,18.59838848906681,2.652249422154553,4.6378606664349595,44.40233833576705,0
12.290064461778162,28.664261159584058,5.998571581581298,0.9450376576098836,3.813058718082929,0.7203736491940511,47.56863277216961,0
21.605755545954487,5.106543217400791,9.190168636859546,20.521978725465758,2.022202209263644,0.5542659796708235,40.99908568538495,0
1.9672041399751212,40.10613477675648,7.0399245280674485,0.07035828058860814,2.132352008320487,0.16100491083016588,48.52302135546169,0
26.028423123730786,4.698724478486125,13.986165463757844,3.78218637241848,2.8261476444675884,5.60038866265327,43.077964254485906,0
37.05887671124443,12.033943145545619,11.611889090345153,2.733828264415641,5.979058320112066,1.3353607802449425,29.247043688092145,0
2.145878642347481,11.333599148414102,28.797396086409027,22.19872867996952,21.351807133903574,4.9751895605546315,9.197400748401662,1
29.489541991833786,20.09256553900444,4.506438068311907,9.92031961408304,6.964028803493864,1.6748956508013784,27.35221033247158,0
4.242562384569617,3.476586003331491,9.73294246717515,31.563754184689813,34.821612723488606,10.407041419118066,5.755500817627258,1
36.94774125890901,15.192742511093183,8.416181921971914,2.7279698384933604,2.594836846527229,0.0211736082709375,34.09935401473437,0
2.3404324600650335,12.527118923790418,17.511924781807718,16.415665395742202,25.463860463840582,19.744377788697957,5.996620186056092,1
6.1537609819670545,23.20871449390612,10.669913830504827,10.88167710298381,3.2405198423036583,3.3313377437524037,42.51407600458214,0
27.345475090031513,1.7066809329914139,10.448775175733054,9.857447013195356,5.099594643959259,5.296475293280048,40.24555185080935,0
9.248102615022134,3.5492611900224547,4.896774602610239,12.903288957195452,2.845782704301011,5.327687540988511,61.2291023898602,0
14.724687792249352,32.025688848394154,2.559886917238996,5.05688122656416,7.012943236315438,0.21709172582099223,38.40282025341691,0
14.641451133803093,17.25408457269343,10.304755892894793,24.20882956263449,3.445973888853224,2.577660202458773,27.5672447466622,0
27.01853940893315,13.901507923132167,3.1863698071976856,17.78520242430549,8.266353769382787,0.11039679256866296,29.73162987448006,0
22.102500789778194,10.376686541838872,3.6914966837905836,9.164470558829821,7.329570148615558,0.45973459122994376,46.875540685917045,0
1.7146754964529616,9.162071096813305,23.160257417948365,17.046995989669327,18.642901036866014,29.36686596435655,0.906232997893476,1
4.4732460631117075,2.9424201896789564,14.45478777322268,25.122298495436684,34.811317644332696,15.807679234841613,2.3882505993756706,1
46.1926526553192,2.358733438117724,3.072018467949714,5.367205935526958,6.100671266730322,2.9354412047628493,33.97327703159325,0
35.449688258977446,6.230612956774609,8.175139458362642,5.782268943684789,8.4857626884367,3.220797879383866,32.65572981437994,0
33.61735819886384,5.270937878018637,1.8902336663136312,10.389276478846895,1.0025606266025575,4.720927578345532,43.10870557300891,0
32.49467280483369,9.833946426887314,7.264311447670077,2.0790376968309445,9.988313885807518,2.5198702928800434,35.81984744509041,0
0.8416150764285637,20.280668341454327,14.547019392531418,9.43427375055349,6.80754132119741,4.093249083562707,43.995633034272096,0
4.96400711321298,25.166065409545585,7.37779926265444,13.351022156049744,8.395469574348022,0.7889331457872419,39.95670333840197,0
2.3144310651666187,9.19781688736804,13.41632379837114,20.43021417145389,27.8458948646257,23.168208015233915,3.6271111977807005,1
5.312256130982072,21.960780561035648,9.868451354351503,7.499720111337917,8.401280292791855,3.222518828271232,43.73499272122977,0
20.910134899084092,26.94106561771828,0.8302719103432771,14.566529575106655,1.996329697659287,3.9583205865736812,30.79734771351475,0
1.6510076283377164,3.9763718392978675,8.352280334319442,16.0892720324032,34.129022827498105,28.915362716311897,6.88668262183179,1
4.021165439097314,10.915942752862405,9.679603548138394,12.00817693039489,37.08226008398148,23.44380216553818,2.8490490799873416,1
0.3984833954104048,5.562036390111261,17.36502916068292,24.675182745859463,27.612312085812306,17.729734092624557,6.657222129499088,1
32.76405319098621,16.53163703090965,2.116007431511533,4.323267691998211,4.088343086061534,2.6398381304585716,37.53685343807429,0
34.217905297098866,20.424609203590848,1.86164970833069,6.794028959926675,2.33915306867175,2.9003227055518375,31.462331056829335,0
27.308108336962178,9.080513349161983,2.575269231055314,14.84826047474582,10.960526088123345,5.044791118125541,30.182531401825823,0
0.24610859323734247,8.951356894609019,28.589044873686486,11.807337152492632,28.594818111295645,21.170914669097755,0.6404197055811124,1
2.3867479587243072,13.098309119428256,17.832522855525504,24.205224359003882,31.020904124092308,7.4621352384455735,3.994156344780178,1
2.2197697515849693,5.312025553193564,20.032512780203607,12.991458786665152,25.02113449264588,25.894053699948362,8.529044935758462,1
2.8308646224497194,27.968023595937485,7.7170030449989175,20.740487501055107,4.100723544854316,4.870363127565948,31.7725345631385,0
2.7499296149356853,2.552607417460276,13.79019636545092,28.099341706599173,25.13515883654598,20.793489281028112,6.8792767779798565,1
31.32804249727291,8.566713765871171,7.534455641575226,5.650440541092666,7.536691772295844,0.19316904626806908,39.190486735624106,0
4.263290219520267,26.881464270543404,1.6112581748305574,8.04085061156876,11.295314343490121,1.6339935658831943,46.27382881416369,0
1.7649319364974703,6.940341049075768,36.446240885330305,12.266027177594793,19.069192088284698,15.759492699804282,7.753774163412691,1
28.356280720018784,22.619523000878484,7.182086517019723,1.9304768369443943,1.2804630810974766,3.5048334116097224,35.12633643243143,0
0.261971766994062,10.500390338219106,16.155087981419783,28.18880544307798,24.168636331720766,15.475964831757674,5.249143306810629,1
0.3357642621811364,9.85892937199759,23.692759195305616,23.368986987280987,20.97798075380713,17.50769962759481,4.257879801832725,1
0.7328050271728193,7.9459159955596395,23.563367705193116,18.241625625660582,25.295291261372725,14.169074630124584,10.051919754916543,1
35.58030082869117,8.86671607302703,5.395868698930517,0.9066090325248459,2.7315660286783383,1.023485263106116,45.49545407504197,0
5.813104019376339,29.880150722002234,4.5876331746072,8.974239791490458,1.006494684124723,5.245817936050668,44.49255967234838,0
2.769385374054929,9.004222385401722,21.08623160407374,18.291132673124782,27.350477904001323,20.65644649669221,0.8421035626512932,1
2.1018451815287142,0.7184389723285544,10.489204305271297,23.459761586254942,33.21865190620667,23.80335379863024,6.208744249779579,1
6.348756099968604,33.96205883781142,9.875152883759169,5.275593058254676,1.918012658951503,2.434631985158629,40.185794476096,0
28.096917206455203,9.945737937512767,5.5464907263405046,9.094645788561207,6.599011643747329,0.06627995474046991,40.65091674264252,0
3.29084243684533,2.2713410404377186,41.90089094288596,14.746305805448385,25.189306778645598,8.699928877862698,3.901384117874302,1
9.765905911807147,27.467263023829602,6.1435693545599115,9.99802007419668,1.8159582041335272,1.0373902288834238,43.77189320258971,0
0.7961833017590203,11.81707971318659,26.060897766262496,23.071960121167734,16.646248580614134,18.099814214661265,3.5078163023487456,1
0.5782253955918089,6.253180437626349,27.234667246160026,11.415730480494934,27.303344405293238,17.816644278026892,9.398207756806766,1
1.0821646681830186,6.603879176137495,21.134484906071414,17.144491164430647,23.891282658837344,25.8251667000511,4.318530726288987,1
12.233096868268204,13.927514804200536,6.81723903498742,14.02553427729286,2.8785162653933565,2.1644353945458557,47.95366335531176,0
23.42271904519042,8.435793787464235,10.24148892824212,19.68086215203403,5.130920668859029,4.564106103489181,28.52410931472098,0
1.5205506549823615,9.812513109135818,17.971337822856643,12.626646961217691,28.364649394413867,20.23707236959904,9.46722968779457,1
3.4841892145095357,5.268372015596236,18.83140977870064,17.634970682094103,34.69699732446493,18.624359683949017,1.4597013006855453,1
3.4241770110625396,13.936782171161807,19.73695193615296,15.145304549372735,27.78110024295724,13.440883806726545,6.534800282566174,1
46.439695405385514,3.6234689524806005,9.54602155751159,6.574162506160746,2.985373306617355,1.513079376472132,29.318198895372056,0
24.322142797595607,15.643959574519329,4.563578639512154,14.474409813577758,6.9415343498273625,2.9633052297902425,31.091069595177558,0
1.7398329143561326,2.459932721983228,22.277071420305692,17.58880026439661,27.79780018145187,19.736069664008,8.40049283349848,1
0.7869519661605661,3.367039142571128,26.422139236721776,23.095423605939683,32.66254950533272,11.912828814209673,1.7530677290644607,1
13.085508105427504,27.16836519330966,5.7704903587788845,8.914632407112732,3.0134438002229302,0.8684786671638294,41.17908146798445,0
43.036768535724335,4.8986132339985335,1.3180288261572246,4.672904063470009,0.47291808371831556,0.31089183857808406,45.28987541835351,0
44.5473152428405,3.686513139473286,0.060699098294622764,19.399167404003308,4.710763760406021,2.272261878859053,25.32327947612321,0
1.0305035719656648,0.542192025550805,21.16790831821444,11.84308788139388,44.959731527079704,12.985497757366032,7.471078918429469,1
2.4110801626287266,0.435186754916085,14.561833578603592,13.609013747496917,34.40137896722995,29.172808930995902,5.408697858128818,1
4.282803851066632,1.2314307829637612,17.738072304895795,26.493435454909775,33.44462387964383,13.110019908401288,3.699613818118916,1
35.05074511051192,22.51530557830772,5.421181025749909,11.796336225747933,2.1319309234982335,0.9741991230206283,22.110302013163636,0
3.1328426272370624,15.135901420324677,1.8606732160488784,17.410734489973205,8.700702156284155,0.4981878275208826,53.26095826261113,0
1.5709446849310995,9.804859952023703,20.75736433841723,19.075117190358355,25.227327147443773,19.78499146803686,3.779395218788993,1
13.22111309010132,20.51531796564154,3.4150269772260824,13.857058381666967,4.092117604986558,2.1007644022413756,42.79860157813616,0
25.25980124728853,12.927104783264266,1.0317274861679004,12.43528440693044,2.543970030187953,0.8637402986062498,44.938371747554676,0
38.488749923132964,21.043997809437524,7.101772461037825,2.9359616893371174,1.8821332998383713,1.0112878340377947,27.5360969831784,0
1.7430094642716887,14.28934358531524,23.764949931464642,12.697612343479955,33.6518208151538,11.870498935668312,1.9827649246463581,1
0.7126689025859503,8.028017912295514,36.52489640623793,11.2496256101169,34.224229219710196,6.146135077373884,3.1144268716796226,1
16.034795481372345,10.985967912164092,13.023484532183554,7.979730136681839,9.471558062534617,5.798499919857151,36.70596395520639,0
0.8788467937115579,13.515192326997497,10.2997999224818,14.192341550427589,26.681365962665776,27.969326915669583,6.463126528046191,1
2.7012161326655812,9.949872774389013,31.99586537227838,10.560285717652773,33.95687994280308,6.595832091190223,4.24004796902095,1
0.15976627127176143,7.846616501681828,34.426399622154676,16.408879080880883,20.28407236548426,14.8691263847741,6.0051397737524885,1
3.3789519697610015,0.413077085870901,28.904523370718906,17.079100437365828,20.577321538377245,23.28450332135618,6.362522276549937,1
1.7407219875606617,4.726168485252937,19.19977973233187,16.732114385247275,31.251712773213335,19.729927433835194,6.619575202558706,1
2.605292919675183,1.058262812733179,11.186401155211946,10.054238794388612,34.205983035961246,30.705251613873003,10.184569668156831,1
13.945009125438427,20.350989010350112,0.6475590512243155,7.650598281206096,7.562725369817065,0.9945436576338191,48.84857550433016,0
8.827376628806299,2.165558779519088,15.22093710745312,16.74423622836852,13.776170484955719,6.598051177469909,36.66766959342734,0
0.5994411491893283,5.95334272467176,20.648980022006832,28.300193996009337,25.654437703905504,7.985678216433051,10.857926187784194,1
11.847252552124193,20.27132892115385,6.1902174831553625,7.966709868739845,3.645517940377686,2.5197510361788527,47.55922219827022,0
23.02447155650621,17.824222559659134,3.735251777158849,7.13697467745698,8.80586293855602,3.8731562355130875,35.60006025514972,0
2.9842246594802946,13.795098209519491,33.527866189622905,8.744410010177353,24.63545533740882,15.499000887681724,0.813944706109421,1
13.906954297430469,30.19324673177225,2.2678458970178466,17.69029053526002,4.283999511898347,0.8237045574112731,30.833958469209794,0
0.6930419182407842,6.721371464733479,23.143046356442778,20.542867923338413,25.564903293908475,19.841005085156105,3.4937639581799877,1
0.570365707069429,10.243052179511093,9.261580110104207,21.787910918258767,28.094896657978268,28.961720278355248,1.0804741487229939,1
1.7889215841376653,2.005212043701542,24.17161777846701,22.096764639595868,22.067398719575802,19.32389539971037,8.546189834811745,1
16.964786428022407,12.723551787413903,8.709162728422854,17.70168743252021,3.9862719664406727,2.931419353155753,36.98312030402421,0
2.9793166429236764,9.925352458292947,30.77882544031268,14.814168784481357,32.56497189220188,4.368800914585029,4.568563867202429,1
0.05049144836569538,2.141535053411849,26.343404649635733,28.567726170642498,18.765740316986694,17.497964687648462,6.633137673309069,1
2.613559261360225,13.099096523634298,16.140442405113784,21.454217803021542,17.059067821927723,21.142565831499684,8.491050353442759,1
35.495706727253335,12.862368912125689,4.225236327231392,6.050581977706231,3.113151553035082,3.841208334028075,34.4117461686202,0
29.834618867625924,19.356055596481085,2.10842633367074,8.922095744689617,4.957875155120444,2.2295425811275456,32.59138572128466,0
11.312208208868203,25.944394653720636,4.795833474763969,7.104657489595849,2.1166715463177077,4.075300522525355,44.650934104208275,0
22.87778686823251,6.585121150542193,4.111238914170289,12.435706999687943,7.000494586143642,3.218783427455596,43.77086805376783,0
30.693651887397944,23.556122233464148,0.7173739835488113,9.697927182435318,7.800862902305843,1.4170799286363225,26.116981882211604,0
4.44766726870926,12.974525118146854,14.30275882330084,21.947720914763565,19.679738926713224,25.948555665660194,0.6990332827060464,1
26.94198689552615,22.1514547760933,5.557054076197278,12.536479362889965,8.510937473490653,2.190178455628302,22.111908960174347,0
5.7292310287283295,35.84619371504764,4.177493248562226,8.640864089995462,10.354770103971935,0.9625830178198201,34.28886479587458,0
0.5861233957349713,2.16454642185424,36.45411257037037,10.076957697473542,29.588517066397173,16.992985861893466,4.136756986276227,1
3.5371014211684266,15.115432375465751,33.34285411271829,23.29629492619388,16.20653925494628,5.946825711518463,2.5549521979889125,1
44.83016536041594,13.997796096328491,1.9992132036695132,9.524409206610967,8.977696559873248,0.5088255126067396,20.161894060495108,0
33.39851858268272,16.56444650725852,4.705996788651181,7.340299238877157,1.4242664533566196,1.530093023574464,35.03637940559932,0
2.7093670812333523,2.815574059213589,30.498907569066635,10.322643764836002,34.05906272696617,7.738935171491034,11.855509627193229,1
28.540789410180032,18.36792236750337,6.028176807557162,12.931701587820038,2.45758699484273,2.976182192552794,28.697640639543877,0
3.1995176344528837,4.25885560215264,26.52668285139902,15.944296335997912,17.59759846767083,27.446457202883114,5.026591905443604,1
2.0929923441457143,13.542167392621263,15.49223112093828,23.268942344110336,21.254575092573592,19.126408262613957,5.22268344299686,1
0.4315796116700953,14.888368203228621,12.66815851403569,10.935293086763572,24.72041007938342,31.853446550719784,4.502743954198828,1
6.5778920052293035,11.090030152832172,13.18840417997594,1.4095870439625922,10.003709392882328,1.0221833293481422,56.70819389576952,0
7.076667588042771,3.2505286787817953,18.12031840870758,12.213450200949822,6.952766829568548,3.037170884216041,49.349097409733446,0
3.1762288789278315,10.091171925142287,21.272611941453924,6.840734263484942,29.962106932946547,21.442158517375848,7.2149875406686075,1
0.8319853268061866,6.7312452275515815,16.137678355692092,13.519901818877758,26.16136444508928,28.10550943579756,8.512315390185545,1
36.19155163381491,10.587454899927135,4.444640551569287,3.8810877361217586,5.152080228343555,1.5283134344790512,38.21487151574432,0
46.82234015930112,3.6280212361763264,1.2039936474615716,20.2731890887905,4.808265211870024,0.09893700890578115,23.165253647494687,0
21.89391505991324,19.824689627668207,5.153109073414168,13.241176106117203,8.697478870073457,2.546722581430203,28.64290868138351,0
1.5609097789354742,7.020308245675144,23.5059456735124,13.563838175811563,18.488951706991596,34.26123156279447,1.5988148562793556,1
3.0541088021058687,10.770185445736892,17.676853107587657,15.042240285781208,29.997390290914744,14.477098862941506,8.982123204932119,1
23.58304712851701,24.800395538071168,7.5774833089697555,2.9599789754174015,6.9063832692261435,0.07948935712678072,34.09322242267175,0
32.48684796521361,2.2006381439143947,7.912615207182745,10.566546928361618,5.673840717423874,2.5219962355316867,38.637514802372074,0
3.488797351369968,7.504762360495724,16.825235048479048,13.235137360785036,41.51748047366783,10.38656713870235,7.042020266500041,1
42.88921187629368,12.073570229944284,9.200340961447944,3.999349765229512,8.716042815696646,1.6722613661045982,21.44922298528335,0
1.356229876472349,3.6919214627437342,14.254638782731158,19.656062764391045,28.13880610025373,26.048256973469066,6.854084039938913,1
1.814713395555252,14.379179158356292,26.15817297171874,21.676153810729012,26.105870304874458,7.362636749527924,2.503273609238308,1
40.03933421533553,8.585789739915596,3.909910410410236,17.92393313392245,6.497217411861135,0.2312405187545276,22.81257456980052,0
0.7060464154436416,9.864643939903232,33.678835733251475,20.736541218348503,17.30775131098158,16.20669120332357,1.4994901787479824,1
26.703459986232524,34.9872977621096,2.1171992603916867,5.2470167783637685,0.8307062878594309,3.8736098198161315,26.240710105226857,0
23.90513764322621,6.5096816885744175,5.377710927620589,13.465602538943147,4.316086826009813,4.038162641324579,42.38761773430124,0
9.376026414345342,27.0833425693618,0.40911100739739886,6.112419565057405,2.28503596482423,1.2700169078484225,53.46404757116541,0
1.9289613137264578,7.905137388418354,12.781201750998486,24.68121608632892,28.05550643104912,16.41319166260189,8.23478536687676,1
41.583591155248776,17.012309817687683,6.496493560190466,7.384882270180726,4.644514977527181,2.981996423396864,19.89621179576829,0
8.245081655507633,12.443909788803627,9.799979926176192,1.5159621292612429,11.590763556672934,7.93632836448687,48.4679745790915,0
1.8507144778966989,7.365905579245005,18.160233892709208,15.545545360707832,27.957307937433107,22.63778763483399,6.482505117174166,1
3.45915480037824,11.230841990529077,24.869937820739118,16.111525187376795,27.927604978259357,10.68108982921724,5.719845393500174,1
2.2784869653152495,7.6567369848732945,34.339378302893834,11.563697738026043,31.75731852094964,6.945557888306129,5.458823599635812,1
36.766329152097526,5.795148791432379,1.9622441889685018,0.7356589838540906,5.439095111186856,1.6539188394382305,47.64760493302242,0
22.84040373086845,14.703336394081914,4.673705328118373,5.039836961321938,14.341205572083284,3.076418734382278,35.32509327914375,0
28.8566561171057,20.118425702699422,0.4565839175790635,14.776039923159805,0.8747638053139627,3.5726055337830984,31.344925000358952,0
21.310344236413382,10.6587695653798,9.3060614801674,10.034992017141173,4.193394529266997,0.4511199088524172,44.045318262778835,0
32.35972625014715,1.4867537481035833,1.1710669301655772,14.120739547616315,4.736380021511582,1.1479750818551355,44.97735842060066,0
3.901292733460001,0.8354626150924025,35.43824836538052,21.777954989480577,25.15628875349986,5.835900583357923,7.054851959728742,1
3.9379382080006504,1.3663722616415688,26.844546387966474,25.735334851446446,32.04200211300925,6.001988492743847,4.071817685191769,1
13.584844187849358,10.838290895384164,8.662972077159534,0.43216165341907,14.926819013237056,4.732710617480382,46.82220155547044,0
1.0675897439505453,2.2170270159965217,23.81810091930965,23.76263067183472,25.608230774696196,20.025708343551436,3.500712530660944,1
34.438161242846164,22.709439711667347,5.9240314859938525,1.0211760163877759,0.020811331609104124,3.9587184738531422,31.927661737642616,0
0.17801284827609487,26.30838450738078,7.013351449178633,9.981055761779931,3.021417865199262,0.8752140661200487,52.62256350206525,0
2.8557034691753374,39.079498630334555,9.409184495905496,3.250421770182526,1.0299288954799466,2.9366019690311487,41.438660769890994,0
13.208082687587746,12.043881438635282,4.0915551915399,5.393615448396072,10.148586230480557,1.8501341429534548,53.264144860406994,0
0.4503851786574363,9.02752744690402,28.825854472272542,14.706343606889547,22.626555711690788,21.221152541583226,3.1421810420024245,1
2.2005536008323623,1.6044927728402179,22.39106277250129,13.530372038859031,28.511025082467157,23.660847441919707,8.101646290580247,1
4.47226936683803,4.608148321647917,11.077172520370997,12.593589626722611,3.417042142765117,4.85577849732038,58.975999524334945,0
24.36426080660265,22.542180583312827,8.879461554090577,8.799950772797951,1.1309464742733688,4.878742095466924,29.404457713455695,0
1.1909190928467948,5.895987195813708,20.373812195796056,15.172082953289282,24.63853220373776,24.127824015345183,8.600842343171212,1
4.474484261313024,13.467622502395846,6.720219213099714,11.183019021381806,6.459887270898941,1.502847572070773,56.191920158839906,0
11.027958273396237,24.842942205891212,3.001306130060828,15.200651051523709,0.6205838142876595,2.062923819402541,43.24363470543781,0
2.718842563372051,0.4323874143502706,0.5169236455140289,22.687361302128192,9.857989150658787,5.322610293170901,58.46388563080577,0
3.0288402650469344,0.38932398865049267,24.244932930793503,22.866742241511528,19.55909061848351,24.052012952360165,5.859057003153857,1
13.285301405392586,19.681677568883597,7.274344198922996,14.14175076608403,2.4588559855338237,1.5535039739946193,41.604566101188354,0
13.4279161099937,29.845411977452287,2.224863002367011,12.166971004625585,2.588068811921471,1.558414955649098,38.188354137990856,0
38.64022783996029,6.406614875090582,5.441714373900903,1.9746755225109258,1.8744533854412306,0.7750939759697082,44.887220027126375,0
3.5880866912258362,0.12466153936422086,11.897472710755023,19.299834341705534,35.7099460800515,27.353017658863493,2.026980978034396,1
14.890900708509497,18.336009719412644,0.567135810982845,23.197706362484805,3.703352826897155,5.145593229148449,34.15930134256461,0
15.818680507902144,27.26653331132973,1.5485273461020137,14.877768289571785,1.3710870763586998,0.41263862114395966,38.704764847591655,0
36.667453242582425,5.1162079544873516,5.306523926826621,4.165346998651193,7.099208131526718,1.067593629866919,40.57766611605877,0
2.8136639888510158,3.8325649386383103,8.604638004198357,22.328800623782,27.808172511730533,31.62477263842191,2.9873872943778754,1
35.48134100732241,6.8393257684387585,1.6797955059318397,2.003547498857295,1.6402561884824811,4.351292180038376,48.004441850928835,0
19.098194190979324,19.359742432230764,0.6677842990403862,13.193279640902016,11.390599084236056,1.2523481463493489,35.0380522062621,0
1.859236858605328,10.529149269800769,36.585795981090506,13.896638859870752,16.694900428429342,13.566522738290804,6.867755863912508,1
2.362388187331099,0.6846997650932642,26.457426629194085,24.500051440141178,19.04947893736949,20.25050798248424,6.695447058386647,1
11.551484791112955,27.62866133394401,0.5156139794158061,13.598010705371207,4.287569484235525,5.783215303153798,36.635444402766694,0
0.25006381847250686,5.933346288331822,33.85055800315335,18.59086201083654,29.365333157042635,8.26062370658288,3.74921301558027,1
2.9608237412921103,12.944427632104954,14.978238107894995,9.068514312846405,25.888935932531442,24.146283782511503,10.012776490818592,1
1.5805102172206549,7.481057470894361,25.98647003662841,29.752084635582225,22.93014858469255,5.820508431753528,6.449220623228273,1
33.53680355878589,12.758504055046638,0.6156412806994755,16.128133572087997,1.6265470449906954,3.4389161190154267,31.895454369373876,0
29.96273307859457,2.9310038495818485,3.892155186526596,3.565908889069378,0.22027934809739055,7.275009608356646,52.152910039773545,0
2.6030608468066907,5.145481456105744,14.038038980054202,17.98415380809569,23.21553976364042,30.139750288013488,6.87397485728376,1
0.8923372952488398,12.524553695607556,18.137519993100813,10.314453765524519,25.852847458753835,26.815918324642585,5.4623694671218415,1
0.959117347456811,0.00858824232546475,8.417415011834912,32.51530268467643,40.578335752108586,16.341503462421457,1.179737499176342,1
0.024910428499507392,4.769266275245846,27.497606995500124,9.861261667864648,30.29886302261166,20.221956548094088,7.326135062184107,1
34.73115808467258,11.478020045990014,6.229122542433848,12.024491627068505,2.0815755978628605,2.5224441403856264,30.933187961586555,0
40.073457436151386,0.8649916245460435,4.653758918883619,13.224350312709598,6.914813039056879,1.7533097812606016,32.51531888739188,0
10.202176214583185,9.763818465942615,5.335523710121856,17.61697570550457,6.14836804801816,0.0742333757181629,50.858904480111455,0
41.93163555644424,15.112811422507052,6.94118994617329,3.1959132290830436,3.531293358642299,4.603650824883043,24.683505662267027,0
3.157840819922654,12.752748792654334,11.992793694769817,28.7199283573456,25.051172662726874,11.286973561813976,7.038542110766738,1
28.427667158267884,2.3213268267311458,1.4428340057206475,10.088309061439052,8.968544557825336,3.2097919167756617,45.54152647324026,0
2.8648795976251704,19.41723768946229,12.820943972099217,30.22251025266775,26.212400269745345,6.822450770966329,1.6395774474339109,1
33.52240931368014,15.23979797298814,1.881873232433013,13.640946461412588,4.8718788090087575,1.0803970715123092,29.76269713896505,0
0.9875999002930054,11.48937177445019,15.80946041045187,21.634846529195674,19.70635029989519,23.270798374004592,7.101572711709485,1
15.282164065544027,23.3890241962156,7.247297380643062,9.375178544538581,6.994017387031821,1.7280220574425766,35.98429636858433,0
30.28359086076745,14.859390703712878,5.5128791580839565,11.700504617416575,3.406520228775999,4.157218132181012,30.079896299062142,0
1.7773484733267026,14.218440257678077,16.90965094280136,21.37800219392836,30.630938426159567,12.05882165056066,3.026798055545282,1
13.34171925682966,2.48791370177554,11.851950298031282,14.57295794702416,4.897328636813245,1.1982207041735682,51.64990945535255,0
